DROP DATABASE IF EXISTS `SRD`;
CREATE DATABASE `SRD`;
USE `SRD`;
GRANT ALL ON `SRD` TO srduser@'localhost' IDENTIFIED BY 'srdpassword';

CREATE TABLE `srd_band_a` (
  `band_id` int(11) NOT NULL,
  `srd_band_a` char(16) COLLATE utf8_unicode_ci NOT NULL,
  `updated` timestamp NOT NULL DEFAULT CURRENT_TIMESTAMP ON UPDATE CURRENT_TIMESTAMP,
  KEY `srd_band_a_idx` (`band_id`)
) ENGINE=InnoDB DEFAULT CHARSET=utf8 COLLATE=utf8_unicode_ci;

CREATE TABLE `srd_band_all` (
  `band_id` int(11) NOT NULL,
  `srd_band_a` char(16) COLLATE utf8_unicode_ci NOT NULL,
  `updated` timestamp NOT NULL DEFAULT CURRENT_TIMESTAMP ON UPDATE CURRENT_TIMESTAMP,
  KEY `srd_band_a_idx` (`band_id`)
) ENGINE=InnoDB DEFAULT CHARSET=utf8 COLLATE=utf8_unicode_ci;

CREATE TABLE `srd_log` (
  `srd_time` datetime NOT NULL,
  `srd_call` char(16) COLLATE utf8_unicode_ci NOT NULL,
  `srd_location` varchar(64) COLLATE utf8_unicode_ci DEFAULT NULL,
  `srd_band_id` int(11) NOT NULL,
  `srd_weather` varchar(64) COLLATE utf8_unicode_ci DEFAULT NULL,
  `srd_nws` int(11) DEFAULT NULL,
  `srd_comments` varchar(128) COLLATE utf8_unicode_ci DEFAULT NULL,
  `srd_opcall` char(16) COLLATE utf8_unicode_ci DEFAULT NULL,
  `updated` timestamp NOT NULL DEFAULT '0000-00-00 00:00:00' ON UPDATE CURRENT_TIMESTAMP,
  KEY `srd_log_idx` (`srd_time`,`srd_call`)
) ENGINE=InnoDB DEFAULT CHARSET=utf8 COLLATE=utf8_unicode_ci;

CREATE TABLE `srd_offices_a` (
  `srd_office_id` smallint(6) NOT NULL,
  `srd_office_code` char(16) COLLATE utf8_unicode_ci NOT NULL,
  `srd_office_city` varchar(64) COLLATE utf8_unicode_ci DEFAULT NULL,
  `srd_office_state` char(8) COLLATE utf8_unicode_ci DEFAULT NULL,
  `srd_region` smallint(6) NOT NULL,
  `srd_office_x` float DEFAULT NULL,
  `srd_office_y` float DEFAULT NULL,
  `updated` timestamp NOT NULL DEFAULT '0000-00-00 00:00:00' ON UPDATE CURRENT_TIMESTAMP,
  UNIQUE KEY `srd_office_id` (`srd_office_id`),
  KEY `srd_offices_a_idx` (`srd_office_id`)
) ENGINE=InnoDB DEFAULT CHARSET=utf8 COLLATE=utf8_unicode_ci;

CREATE TABLE `srd_regions` (
  `srd_region_id` smallint(6) NOT NULL,
  `srd_region` char(16) COLLATE utf8_unicode_ci NOT NULL,
  `updated` timestamp NOT NULL DEFAULT CURRENT_TIMESTAMP ON UPDATE CURRENT_TIMESTAMP,
  KEY `srd_regions_idx` (`srd_region_id`)
) ENGINE=InnoDB DEFAULT CHARSET=utf8 COLLATE=utf8_unicode_ci;


LOCK TABLES `srd_band_a` WRITE;
/*!40000 ALTER TABLE `srd_band_a` DISABLE KEYS */;
INSERT INTO `srd_band_a` VALUES (10,'80 LSB','2013-10-24 12:58:18'),(11,'80 CW','2013-10-24 12:58:18'),(13,'80 PSK','2013-10-24 12:58:19'),(19,'40 LSB','2013-10-24 12:58:19'),(20,'40 CW','2013-10-24 12:58:19'),(22,'40 PSK','2013-10-24 12:58:19'),(23,'40 Olivia','2013-10-24 12:58:19'),(37,'20 USB','2013-10-24 12:58:19'),(38,'20 CW','2013-10-24 12:58:20'),(40,'20 PSK','2013-10-24 12:58:20'),(55,'15 USB','2013-10-24 12:58:20'),(56,'15 CW','2013-10-24 12:58:20'),(58,'15 PSK','2013-10-24 12:58:21'),(73,'10 USB','2013-10-24 12:58:21'),(74,'10 CW','2013-10-24 12:58:21'),(75,'10 FM','2013-10-24 12:58:21'),(77,'10 PSK','2013-10-24 12:58:21'),(93,'2 USB','2013-10-24 12:58:22'),(94,'2 CW','2013-10-24 12:58:22'),(95,'2 FM','2013-10-24 12:58:22'),(97,'2 PSK','2013-10-24 12:58:22'),(103,'2 DV','2013-10-24 12:58:23'),(115,'440 USB','2013-10-24 12:58:23'),(117,'440 FM','2013-10-24 12:58:23'),(125,'440 DV','2013-10-24 12:58:24'),(14,'80 Olivia','2013-11-07 12:49:38');
/*!40000 ALTER TABLE `srd_band_a` ENABLE KEYS */;
UNLOCK TABLES;


LOCK TABLES `srd_band_all` WRITE;
/*!40000 ALTER TABLE `srd_band_all` DISABLE KEYS */;
INSERT INTO `srd_band_all` VALUES (1,'160 LSB','2013-10-24 12:58:18'),(2,'160 CW','2013-10-24 12:58:18'),(3,'160 RTTY','2013-10-24 12:58:18'),(4,'160 PSK','2013-10-24 12:58:18'),(5,'160 Olivia','2013-10-24 12:58:18'),(6,'160 MT-63','2013-10-24 12:58:18'),(7,'160 Contestia','2013-10-24 12:58:18'),(8,'160 Domino','2013-10-24 12:58:18'),(9,'160 Hellschreibe','2013-10-24 12:58:18'),(10,'80 LSB','2013-10-24 12:58:18'),(11,'80 CW','2013-10-24 12:58:18'),(12,'80 RTTY','2013-10-24 12:58:19'),(13,'80 PSK','2013-10-24 12:58:19'),(14,'80 Olivia','2013-10-24 12:58:19'),(15,'80 MT-63','2013-10-24 12:58:19'),(16,'80 Contestia','2013-10-24 12:58:19'),(17,'80 Domino','2013-10-24 12:58:19'),(18,'80 Hellschreiber','2013-10-24 12:58:19'),(19,'40 LSB','2013-10-24 12:58:19'),(20,'40 CW','2013-10-24 12:58:19'),(21,'40 RTTY','2013-10-24 12:58:19'),(22,'40 PSK','2013-10-24 12:58:19'),(23,'40 Olivia','2013-10-24 12:58:19'),(24,'40 MT-63','2013-10-24 12:58:19'),(25,'40 Contestia','2013-10-24 12:58:19'),(26,'40 Domino','2013-10-24 12:58:19'),(27,'40 Hellschreiber','2013-10-24 12:58:19'),(29,'30 CW','2013-10-24 12:58:19'),(31,'30 PSK','2013-10-24 12:58:19'),(37,'20 USB','2013-10-24 12:58:19'),(38,'20 CW','2013-10-24 12:58:20'),(39,'20 RTTY','2013-10-24 12:58:20'),(40,'20 PSK','2013-10-24 12:58:20'),(41,'20 Olivia','2013-10-24 12:58:20'),(42,'20 MT-63','2013-10-24 12:58:20'),(43,'20 Contestia','2013-10-24 12:58:20'),(44,'20 Domino','2013-10-24 12:58:20'),(45,'20 Hellschreiber','2013-10-24 12:58:20'),(46,'17 USB','2013-10-24 12:58:20'),(47,'17 CW','2013-10-24 12:58:20'),(48,'17 RTTY','2013-10-24 12:58:20'),(49,'17 PSK','2013-10-24 12:58:20'),(50,'17 Olivia','2013-10-24 12:58:20'),(51,'17 MT-63','2013-10-24 12:58:20'),(52,'17 Contestia','2013-10-24 12:58:20'),(53,'17 Domino','2013-10-24 12:58:20'),(54,'17 Hellschreiber','2013-10-24 12:58:20'),(55,'15 USB','2013-10-24 12:58:20'),(56,'15 CW','2013-10-24 12:58:20'),(57,'15 RTTY','2013-10-24 12:58:20'),(58,'15 PSK','2013-10-24 12:58:21'),(59,'15 Olivia','2013-10-24 12:58:21'),(60,'15 MT-63','2013-10-24 12:58:21'),(61,'15 Contestia','2013-10-24 12:58:21'),(62,'15 Domino','2013-10-24 12:58:21'),(63,'15 Hellschreiber','2013-10-24 12:58:21'),(64,'12 USB','2013-10-24 12:58:21'),(65,'12 CW','2013-10-24 12:58:21'),(66,'12 RTTY','2013-10-24 12:58:21'),(67,'12 PSK','2013-10-24 12:58:21'),(68,'12 Olivia','2013-10-24 12:58:21'),(69,'12 MT-63','2013-10-24 12:58:21'),(70,'12 Contestia','2013-10-24 12:58:21'),(71,'12 Domino','2013-10-24 12:58:21'),(72,'12 Hellschreiber','2013-10-24 12:58:21'),(73,'10 USB','2013-10-24 12:58:21'),(74,'10 CW','2013-10-24 12:58:21'),(75,'10 FM','2013-10-24 12:58:21'),(76,'10 RTTY','2013-10-24 12:58:21'),(77,'10 PSK','2013-10-24 12:58:21'),(78,'10 Olivia','2013-10-24 12:58:22'),(79,'10 MT-63','2013-10-24 12:58:22'),(80,'10 Contestia','2013-10-24 12:58:22'),(81,'10 Domino','2013-10-24 12:58:22'),(82,'10 Hellschreiber','2013-10-24 12:58:22'),(83,'6 USB','2013-10-24 12:58:22'),(84,'6 CW','2013-10-24 12:58:22'),(85,'6 FM','2013-10-24 12:58:22'),(86,'6 RTTY','2013-10-24 12:58:22'),(87,'6 PSK','2013-10-24 12:58:22'),(88,'6 Olivia','2013-10-24 12:58:22'),(89,'6 MT-63','2013-10-24 12:58:22'),(90,'6 Contestia','2013-10-24 12:58:22'),(91,'6 Domino','2013-10-24 12:58:22'),(92,'6 Hellschreiber','2013-10-24 12:58:22'),(93,'2 USB','2013-10-24 12:58:22'),(94,'2 CW','2013-10-24 12:58:22'),(95,'2 FM','2013-10-24 12:58:22'),(96,'2 RTTY','2013-10-24 12:58:22'),(97,'2 PSK','2013-10-24 12:58:22'),(98,'2 Olivia','2013-10-24 12:58:22'),(99,'2 MT-63','2013-10-24 12:58:22'),(100,'2 Contestia','2013-10-24 12:58:23'),(101,'2 Domino','2013-10-24 12:58:23'),(102,'2 Hellschreiber','2013-10-24 12:58:23'),(103,'2 DV','2013-10-24 12:58:23'),(104,'220 USB','2013-10-24 12:58:23'),(105,'220 CW','2013-10-24 12:58:23'),(106,'220 FM','2013-10-24 12:58:23'),(107,'220 RTTY','2013-10-24 12:58:23'),(108,'220 PSK','2013-10-24 12:58:23'),(109,'220 Olivia','2013-10-24 12:58:23'),(110,'220 MT-63','2013-10-24 12:58:23'),(111,'220 Contestia','2013-10-24 12:58:23'),(112,'220 Domino','2013-10-24 12:58:23'),(113,'220 Hellschreibe','2013-10-24 12:58:23'),(114,'220 DV','2013-10-24 12:58:23'),(115,'440 USB','2013-10-24 12:58:23'),(116,'440 CW','2013-10-24 12:58:23'),(117,'440 FM','2013-10-24 12:58:23'),(118,'440 RTTY','2013-10-24 12:58:23'),(119,'440 PSK','2013-10-24 12:58:23'),(120,'440 Olivia','2013-10-24 12:58:24'),(121,'440 MT-63','2013-10-24 12:58:24'),(122,'440 Contestia','2013-10-24 12:58:24'),(123,'440 Domino','2013-10-24 12:58:24'),(124,'440 Hellschreibe','2013-10-24 12:58:24'),(125,'440 DV','2013-10-24 12:58:24'),(126,'900 USB','2013-10-24 12:58:24'),(127,'900 CW','2013-10-24 12:58:24'),(128,'900 FM','2013-10-24 12:58:24'),(129,'900 RTTY','2013-10-24 12:58:24'),(130,'900 PSK','2013-10-24 12:58:24'),(131,'900 Olivia','2013-10-24 12:58:24'),(132,'900 MT-63','2013-10-24 12:58:24'),(133,'900 Contestia','2013-10-24 12:58:24'),(134,'900 Domino','2013-10-24 12:58:24'),(135,'900 Hellschreibe','2013-10-24 12:58:24'),(136,'900 DV','2013-10-24 12:58:24'),(137,'1296 USB','2013-10-24 12:58:24'),(138,'1296 CW','2013-10-24 12:58:25'),(139,'1296 FM','2013-10-24 12:58:25'),(140,'1296 RTTY','2013-10-24 12:58:25'),(141,'1296 PSK','2013-10-24 12:58:25'),(142,'1296 Olivia','2013-10-24 12:58:25'),(143,'1296 MT-63','2013-10-24 12:58:25'),(144,'1296 Contestia','2013-10-24 12:58:25'),(145,'1296 Domino','2013-10-24 12:58:25'),(146,'1296 Hellschreib','2013-10-24 12:58:25'),(147,'1296 DV','2013-10-24 12:58:25');
/*!40000 ALTER TABLE `srd_band_all` ENABLE KEYS */;
UNLOCK TABLES;


LOCK TABLES `srd_offices_a` WRITE;
/*!40000 ALTER TABLE `srd_offices_a` DISABLE KEYS */;
INSERT INTO `srd_offices_a` VALUES (1,'BOU','Boulder','CO',1,-104.538,40.0124,'2013-10-07 19:43:00'),(2,'GJT','Grand Junction','CO',1,-108.424,38.955,'2013-10-07 19:34:21'),(3,'PUB','Pueblo','CO',1,-104.559,37.9223,'2013-10-07 19:34:21'),(4,'ILX','Lincoln','IL',1,-89.0049,39.9442,'2013-10-07 19:23:08'),(5,'LOT','Chicago','IL',1,-88.2582,41.4841,'2013-10-07 19:23:10'),(6,'IND','Indianapolis','IN',1,-86.4451,39.6213,'2013-10-07 19:23:08'),(7,'IWX','Syracuse','IN',1,-85.4802,41.2499,'2013-10-07 19:23:08'),(8,'DMX','Des Moines','IA',1,-93.7409,41.9757,'2013-10-07 19:23:08'),(9,'DVN','Davenport','IA',1,-91.0153,41.5122,'2013-10-07 19:23:08'),(10,'DDC','Dodge City','KS',1,-100.162,37.8615,'2013-10-07 19:34:21'),(11,'GLD','Goodland','KS',1,-101.468,39.4263,'2013-10-07 19:34:21'),(12,'TOP','Topeka','KS',1,-96.3939,39.1496,'2013-10-07 19:23:09'),(13,'ICT','Wichita','KS',1,-97.176,37.9143,'2013-10-07 19:23:08'),(14,'JKL','Jackson','KY',1,-83.575,37.3903,'2013-10-07 19:23:09'),(15,'LMK','Louisville','KY',1,-85.6681,37.7254,'2013-10-07 19:23:09'),(16,'PAH','Paducah','KY',1,-88.7169,37.4122,'2013-10-07 19:23:09'),(17,'DTX','White Lake','MI',1,-83.5116,42.946,'2013-10-07 19:23:10'),(18,'GRR','Grand Rapids','MI',1,-85.3501,43.0911,'2013-10-07 19:23:11'),(19,'MQT','Marquette','MI',1,-87.8122,46.3808,'2013-10-07 19:23:11'),(20,'APX','Gaylord','MI',1,-84.6641,45.0125,'2013-10-07 19:23:10'),(21,'DLH','Duluth','MN',1,-92.4931,46.9673,'2013-10-07 19:23:10'),(22,'MPX','Chanhassen','MN',1,-93.8279,44.9942,'2013-10-07 19:23:09'),(23,'EAX','Pleasant Hill','MO',1,-93.9302,39.489,'2013-10-07 19:23:08'),(24,'SGF','Springfield','MO',1,-93.0397,37.4217,'2013-10-07 19:23:09'),(25,'LSX','St. Louis','MO',1,-90.8306,38.8167,'2013-10-07 19:23:09'),(26,'GID','Hastings','NE',1,-98.702,40.4305,'2013-10-07 19:23:08'),(27,'LBF','North Platte','NE',1,-100.712,41.8755,'2013-10-07 19:34:21'),(28,'OAX','Valley','NE',1,-96.6469,41.3772,'2013-10-07 19:23:09'),(29,'BIS','Bismark','ND',1,-101.418,47.3647,'2013-10-07 19:34:20'),(30,'FGF','Grand Forks','ND',1,-96.8024,47.656,'2013-10-07 19:23:08'),(31,'ABR','Aberdeen','SD',1,-99.1578,45.056,'2013-10-07 19:23:07'),(32,'UNR','Rapid City','SD',1,-102.914,44.3431,'2013-10-07 19:34:22'),(33,'FSD','Sioux Falls','SD',1,-96.95,43.5163,'2013-10-07 19:23:08'),(34,'GRB','Green Bay','WI',1,-88.7622,45.1312,'2013-10-07 19:23:08'),(35,'ARX','La Crosse','WI',1,-91.3508,43.7776,'2013-10-07 19:23:07'),(36,'MKX','Dousman','WI',1,-89.0292,43.176,'2013-10-07 19:23:10'),(37,'CYS','Cheyenne','WY',1,-105.034,42.0422,'2013-10-07 19:34:21'),(38,'RIW','Riverton','WY',1,-108.791,43.1755,'2013-10-07 19:34:21'),(39,'GYX','Portland','ME',2,-70.6709,44.3053,'2013-10-07 19:23:10'),(40,'CAR','Caribou','ME',2,-68.6686,45.8574,'2013-10-07 19:23:10'),(41,'LWX','Baltimore','MD',2,-78.0387,38.864,'2013-10-07 19:23:10'),(42,'BOX','Boston','MA',2,-71.7818,42.2248,'2013-10-07 19:23:10'),(43,'PHI','Mount Holly','NJ',2,-75.3282,40.0395,'2013-10-07 19:23:10'),(44,'ALY','Albany','NY',2,-73.9211,42.814,'2013-10-07 19:23:07'),(45,'BGM','Binghamton','NY',2,-75.9084,42.2452,'2013-10-07 19:23:07'),(46,'BUF','Buffalo','NY',2,-77.5486,42.9995,'2013-10-07 19:23:10'),(47,'OKX','New York','NY',2,-73.3881,41.1775,'2013-10-07 19:23:10'),(48,'MHX','Morehead City','NC',2,-77.0297,35.312,'2013-10-07 19:23:09'),(49,'RAH','Raleigh','NC',2,-78.9605,35.6624,'2013-10-07 19:23:09'),(50,'ILM','Wilmington','NC',2,-79.022,34.1712,'2013-10-07 19:23:10'),(51,'ILN','Wilmington','OH',2,-83.8856,39.542,'2013-10-07 19:23:08'),(52,'CLE','Cleveland','OH',2,-81.9405,41.1867,'2013-10-07 19:23:09'),(53,'CHS','Charleston','SC',2,-80.8958,32.6682,'2013-10-07 19:23:10'),(54,'CAE','Columbia','SC',2,-81.1819,33.848,'2013-10-07 19:23:08'),(55,'GSP','Greer','SC',2,-82.08,35.1557,'2013-10-07 19:23:08'),(56,'CTP','State College','PA',2,-77.674,40.8077,'2013-10-07 19:23:08'),(57,'PBZ','Moon Township','PA',2,-80.2262,40.3642,'2013-10-07 19:23:09'),(58,'BTV','Burlington','VT',2,-73.4551,44.3571,'2013-10-07 19:23:07'),(59,'RNK','Blacksburg','VA',2,-80.2138,37.0999,'2013-10-07 19:23:09'),(60,'AKQ','Wakefield','VA',2,-77.0391,37.2464,'2013-10-07 19:23:10'),(61,'RLX','Charleston','WV',2,-81.4497,38.5741,'2013-10-07 19:23:09'),(62,'BMX','Calera','AL',3,-86.6759,33.0269,'2013-10-07 19:23:07'),(63,'HUN','Huntsville','AL',3,-86.9758,34.6971,'2013-10-07 19:23:08'),(64,'MOB','Mobile','AL',3,-87.6231,31.2618,'2013-10-07 19:23:10'),(65,'LZK','Little Rock','AR',3,-92.5199,34.8603,'2013-10-07 19:23:09'),(66,'JAX','Jacksonville','FL',3,-82.2081,30.4618,'2013-10-07 19:23:10'),(67,'KEY','Key West','FL',3,-81.0906,24.8399,'2013-10-07 19:23:10'),(68,'MLB','Melbourne','FL',3,-81.0596,28.215,'2013-10-07 19:23:10'),(69,'MFL','Miami','FL',3,-80.8497,26.1967,'2013-10-07 19:23:10'),(70,'TAE','Tallahassee','FL',3,-84.5416,30.8341,'2013-10-07 19:43:00'),(71,'TBW','Ruskin','FL',3,-82.069,27.8684,'2013-10-07 19:23:11'),(72,'FFC','Peachtree City','GA',3,-83.9246,33.3266,'2013-10-07 19:23:08'),(73,'LCH','Lake Charles','LA',3,-92.9654,30.4509,'2013-10-07 19:23:10'),(74,'LIX','Slidell','LA',3,-90.369,30.3319,'2013-10-07 19:23:10'),(75,'SHV','Shreveport','LA',3,-93.9262,32.6019,'2013-10-07 19:23:09'),(76,'JAN','Jackson','MS',3,-90.1995,32.5382,'2013-10-07 19:23:08'),(77,'ABQ','Albuquerque','NM',3,-106.354,35.1486,'2013-10-07 19:34:20'),(78,'OUN','Norman','OK',3,-98.1524,35.1409,'2013-10-07 19:23:09'),(79,'TSA','Tulsa','OK',3,-95.2473,35.7542,'2013-10-07 19:23:09'),(80,'SJU','Carolina','PR',3,-66.4065,18.2127,'2013-10-07 19:23:10'),(81,'MRX','Morristown','TN',3,-83.7137,36.0098,'2013-10-07 19:23:09'),(82,'MEG','Memphis','TN',3,-89.5547,35.1454,'2013-10-07 19:23:09'),(83,'OHX','Old Hickory','TN',3,-86.604,35.9416,'2013-10-07 19:54:09'),(84,'AMA','Amarillo','TX',3,-101.516,35.8696,'2013-10-07 19:34:20'),(85,'EWX','New Braunfels','TX',3,-98.9441,29.6502,'2013-10-07 19:23:08'),(86,'BRO','Brownsville','TX',3,-98.2654,26.7022,'2013-10-07 19:23:11'),(87,'CRP','Corpus Christi','TX',3,-98.1449,28.1157,'2013-10-07 19:23:10'),(88,'FWD','Fort Worth','TX',3,-97.0429,32.3347,'2013-10-07 19:23:08'),(89,'EPZ','El Paso','TX',3,-106.713,32.5431,'2013-10-07 19:50:42'),(90,'HGX','Dickinson','TX',3,-95.759,30.035,'2013-10-07 19:23:10'),(91,'LUB','Lubbock','TX',3,-101.529,33.852,'2013-10-07 19:34:21'),(92,'MAF','Midland','TX',3,-103.055,31.4116,'2013-10-07 19:34:21'),(93,'SJT','San Angelo','TX',3,-99.9512,31.6693,'2013-10-07 19:23:09'),(94,'FGZ','Bellemont','AZ',4,-111.045,35.2901,'2013-10-07 19:34:21'),(95,'PSR','Phoenix','AZ',4,-113.655,33.3268,'2013-10-07 19:34:21'),(96,'TWC','Tucson','AZ',4,-110.744,32.3885,'2013-10-07 19:34:22'),(97,'EKA','Eureka','CA',4,-123.512,40.3951,'2013-10-07 19:34:22'),(98,'LOX','Oxnard','CA',4,-119.373,34.7187,'2013-10-07 19:34:21'),(99,'STO','Sacramento','CA',4,-121.033,39.645,'2013-10-07 19:34:22'),(100,'SGX','San Diego','CA',4,-116.355,33.5073,'2013-10-07 19:34:22'),(101,'MTR','Monterey','CA',4,-121.82,37.2529,'2013-10-07 19:34:22'),(102,'HNX','Hanford','CA',4,-119.374,36.4434,'2013-10-07 19:34:21'),(103,'BOI','Boise','ID',4,-116.936,43.4103,'2013-10-07 19:34:20'),(104,'PIH','Pocatello','ID',4,-113.071,43.3876,'2013-10-07 19:34:21'),(105,'BYZ','Billings','MT',4,-107.368,45.791,'2013-10-07 19:34:21'),(106,'GGW','Glasgow','MT',4,-106.236,47.8574,'2013-10-07 19:34:22'),(107,'TFX','Great Falls','MT',4,-111.224,47.182,'2013-10-07 19:34:22'),(108,'MSO','Missoula','MT',4,-114.523,46.793,'2013-10-07 19:34:21'),(109,'LKN','Elko','NV',4,-116.208,40.2485,'2013-10-07 19:34:21'),(110,'VEF','Las Vegas','NV',4,-115.693,36.1945,'2013-10-07 19:34:22'),(111,'REV','Reno','NV',4,-119.044,39.3027,'2013-10-07 19:34:21'),(112,'MFR','Medford','OR',4,-122.019,42.4778,'2013-10-07 19:34:21'),(113,'PDT','Pendleton','OR',4,-119.833,45.4328,'2013-10-07 19:34:21'),(114,'PQR','Portland','OR',4,-122.683,45.1589,'2013-10-07 19:34:22'),(115,'SLC','Salt Lake City','UT',4,-112.34,38.9847,'2013-10-07 19:34:22'),(116,'SEW','Seattle','WA',4,-122.64,48.1131,'2013-10-07 19:34:22'),(117,'OTX','Spokane','WA',4,-118.588,47.5186,'2013-10-07 19:34:21'),(118,'AFC','Anchorage','AK',5,-152.659,60.3496,'2013-10-07 19:34:20'),(119,'AFG','Fairbanks','AK',5,-153.405,66.3326,'2013-10-07 19:34:22'),(120,'AJK','Juneau','AK',5,-135.264,57.8047,'2013-10-07 19:34:20'),(121,'HFO','Honolulu','HI',6,-156.347,20.2492,'2013-10-07 19:43:00'),(122,'GUM','Barrigada','GU',6,145.158,14.5739,'2013-10-07 19:23:10'),(123,'PPG','Pago Pago','AS',6,-170.368,-14.2697,'2013-10-07 19:43:00');
/*!40000 ALTER TABLE `srd_offices_a` ENABLE KEYS */;
UNLOCK TABLES;

LOCK TABLES `srd_regions` WRITE;
/*!40000 ALTER TABLE `srd_regions` DISABLE KEYS */;
INSERT INTO `srd_regions` VALUES (1,'Central','2013-09-23 17:44:48'),(2,'Eastern','2013-09-23 17:44:48'),(3,'Southern','2013-09-23 17:44:48'),(4,'Western','2013-09-23 17:44:48'),(5,'Alaska','2013-09-23 17:44:48'),(6,'Pacific','2013-09-23 17:44:48');
/*!40000 ALTER TABLE `srd_regions` ENABLE KEYS */;
UNLOCK TABLES;
