-- MySQL dump 10.13  Distrib 5.5.32, for Linux (armv7l)
--
-- Host: localhost    Database: SRD
-- ------------------------------------------------------
-- Server version	5.5.32

/*!40101 SET @OLD_CHARACTER_SET_CLIENT=@@CHARACTER_SET_CLIENT */;
/*!40101 SET @OLD_CHARACTER_SET_RESULTS=@@CHARACTER_SET_RESULTS */;
/*!40101 SET @OLD_COLLATION_CONNECTION=@@COLLATION_CONNECTION */;
/*!40101 SET NAMES utf8 */;
/*!40103 SET @OLD_TIME_ZONE=@@TIME_ZONE */;
/*!40103 SET TIME_ZONE='+00:00' */;
/*!40014 SET @OLD_UNIQUE_CHECKS=@@UNIQUE_CHECKS, UNIQUE_CHECKS=0 */;
/*!40014 SET @OLD_FOREIGN_KEY_CHECKS=@@FOREIGN_KEY_CHECKS, FOREIGN_KEY_CHECKS=0 */;
/*!40101 SET @OLD_SQL_MODE=@@SQL_MODE, SQL_MODE='NO_AUTO_VALUE_ON_ZERO' */;
/*!40111 SET @OLD_SQL_NOTES=@@SQL_NOTES, SQL_NOTES=0 */;

--
-- Table structure for table `srd_band_a`
--

DROP TABLE IF EXISTS `srd_band_a`;
/*!40101 SET @saved_cs_client     = @@character_set_client */;
/*!40101 SET character_set_client = utf8 */;
CREATE TABLE `srd_band_a` (
  `band_id` int(11) NOT NULL,
  `srd_band_a` char(16) COLLATE utf8_unicode_ci NOT NULL,
  `updated` timestamp NOT NULL DEFAULT CURRENT_TIMESTAMP ON UPDATE CURRENT_TIMESTAMP,
  KEY `srd_band_a_idx` (`band_id`)
) ENGINE=InnoDB DEFAULT CHARSET=utf8 COLLATE=utf8_unicode_ci;
/*!40101 SET character_set_client = @saved_cs_client */;

--
-- Dumping data for table `srd_band_a`
--

LOCK TABLES `srd_band_a` WRITE;
/*!40000 ALTER TABLE `srd_band_a` DISABLE KEYS */;
INSERT INTO `srd_band_a` VALUES (10,'80 LSB','2013-10-24 12:58:18'),(11,'80 CW','2013-10-24 12:58:18'),(13,'80 PSK','2013-10-24 12:58:19'),(19,'40 LSB','2013-10-24 12:58:19'),(20,'40 CW','2013-10-24 12:58:19'),(22,'40 PSK','2013-10-24 12:58:19'),(23,'40 Olivia','2013-10-24 12:58:19'),(37,'20 USB','2013-10-24 12:58:19'),(38,'20 CW','2013-10-24 12:58:20'),(40,'20 PSK','2013-10-24 12:58:20'),(55,'15 USB','2013-10-24 12:58:20'),(56,'15 CW','2013-10-24 12:58:20'),(58,'15 PSK','2013-10-24 12:58:21'),(73,'10 USB','2013-10-24 12:58:21'),(74,'10 CW','2013-10-24 12:58:21'),(75,'10 FM','2013-10-24 12:58:21'),(77,'10 PSK','2013-10-24 12:58:21'),(93,'2 USB','2013-10-24 12:58:22'),(94,'2 CW','2013-10-24 12:58:22'),(95,'2 FM','2013-10-24 12:58:22'),(97,'2 PSK','2013-10-24 12:58:22'),(103,'2 DV','2013-10-24 12:58:23'),(115,'440 USB','2013-10-24 12:58:23'),(117,'440 FM','2013-10-24 12:58:23'),(125,'440 DV','2013-10-24 12:58:24'),(14,'80 Olivia','2013-11-07 12:49:38');
/*!40000 ALTER TABLE `srd_band_a` ENABLE KEYS */;
UNLOCK TABLES;

--
-- Table structure for table `srd_band_all`
--

DROP TABLE IF EXISTS `srd_band_all`;
/*!40101 SET @saved_cs_client     = @@character_set_client */;
/*!40101 SET character_set_client = utf8 */;
CREATE TABLE `srd_band_all` (
  `band_id` int(11) NOT NULL,
  `srd_band_a` char(16) COLLATE utf8_unicode_ci NOT NULL,
  `updated` timestamp NOT NULL DEFAULT CURRENT_TIMESTAMP ON UPDATE CURRENT_TIMESTAMP,
  KEY `srd_band_a_idx` (`band_id`)
) ENGINE=InnoDB DEFAULT CHARSET=utf8 COLLATE=utf8_unicode_ci;
/*!40101 SET character_set_client = @saved_cs_client */;

--
-- Dumping data for table `srd_band_all`
--

LOCK TABLES `srd_band_all` WRITE;
/*!40000 ALTER TABLE `srd_band_all` DISABLE KEYS */;
INSERT INTO `srd_band_all` VALUES (1,'160 LSB','2013-10-24 12:58:18'),(2,'160 CW','2013-10-24 12:58:18'),(3,'160 RTTY','2013-10-24 12:58:18'),(4,'160 PSK','2013-10-24 12:58:18'),(5,'160 Olivia','2013-10-24 12:58:18'),(6,'160 MT-63','2013-10-24 12:58:18'),(7,'160 Contestia','2013-10-24 12:58:18'),(8,'160 Domino','2013-10-24 12:58:18'),(9,'160 Hellschreibe','2013-10-24 12:58:18'),(10,'80 LSB','2013-10-24 12:58:18'),(11,'80 CW','2013-10-24 12:58:18'),(12,'80 RTTY','2013-10-24 12:58:19'),(13,'80 PSK','2013-10-24 12:58:19'),(14,'80 Olivia','2013-10-24 12:58:19'),(15,'80 MT-63','2013-10-24 12:58:19'),(16,'80 Contestia','2013-10-24 12:58:19'),(17,'80 Domino','2013-10-24 12:58:19'),(18,'80 Hellschreiber','2013-10-24 12:58:19'),(19,'40 LSB','2013-10-24 12:58:19'),(20,'40 CW','2013-10-24 12:58:19'),(21,'40 RTTY','2013-10-24 12:58:19'),(22,'40 PSK','2013-10-24 12:58:19'),(23,'40 Olivia','2013-10-24 12:58:19'),(24,'40 MT-63','2013-10-24 12:58:19'),(25,'40 Contestia','2013-10-24 12:58:19'),(26,'40 Domino','2013-10-24 12:58:19'),(27,'40 Hellschreiber','2013-10-24 12:58:19'),(29,'30 CW','2013-10-24 12:58:19'),(31,'30 PSK','2013-10-24 12:58:19'),(37,'20 USB','2013-10-24 12:58:19'),(38,'20 CW','2013-10-24 12:58:20'),(39,'20 RTTY','2013-10-24 12:58:20'),(40,'20 PSK','2013-10-24 12:58:20'),(41,'20 Olivia','2013-10-24 12:58:20'),(42,'20 MT-63','2013-10-24 12:58:20'),(43,'20 Contestia','2013-10-24 12:58:20'),(44,'20 Domino','2013-10-24 12:58:20'),(45,'20 Hellschreiber','2013-10-24 12:58:20'),(46,'17 USB','2013-10-24 12:58:20'),(47,'17 CW','2013-10-24 12:58:20'),(48,'17 RTTY','2013-10-24 12:58:20'),(49,'17 PSK','2013-10-24 12:58:20'),(50,'17 Olivia','2013-10-24 12:58:20'),(51,'17 MT-63','2013-10-24 12:58:20'),(52,'17 Contestia','2013-10-24 12:58:20'),(53,'17 Domino','2013-10-24 12:58:20'),(54,'17 Hellschreiber','2013-10-24 12:58:20'),(55,'15 USB','2013-10-24 12:58:20'),(56,'15 CW','2013-10-24 12:58:20'),(57,'15 RTTY','2013-10-24 12:58:20'),(58,'15 PSK','2013-10-24 12:58:21'),(59,'15 Olivia','2013-10-24 12:58:21'),(60,'15 MT-63','2013-10-24 12:58:21'),(61,'15 Contestia','2013-10-24 12:58:21'),(62,'15 Domino','2013-10-24 12:58:21'),(63,'15 Hellschreiber','2013-10-24 12:58:21'),(64,'12 USB','2013-10-24 12:58:21'),(65,'12 CW','2013-10-24 12:58:21'),(66,'12 RTTY','2013-10-24 12:58:21'),(67,'12 PSK','2013-10-24 12:58:21'),(68,'12 Olivia','2013-10-24 12:58:21'),(69,'12 MT-63','2013-10-24 12:58:21'),(70,'12 Contestia','2013-10-24 12:58:21'),(71,'12 Domino','2013-10-24 12:58:21'),(72,'12 Hellschreiber','2013-10-24 12:58:21'),(73,'10 USB','2013-10-24 12:58:21'),(74,'10 CW','2013-10-24 12:58:21'),(75,'10 FM','2013-10-24 12:58:21'),(76,'10 RTTY','2013-10-24 12:58:21'),(77,'10 PSK','2013-10-24 12:58:21'),(78,'10 Olivia','2013-10-24 12:58:22'),(79,'10 MT-63','2013-10-24 12:58:22'),(80,'10 Contestia','2013-10-24 12:58:22'),(81,'10 Domino','2013-10-24 12:58:22'),(82,'10 Hellschreiber','2013-10-24 12:58:22'),(83,'6 USB','2013-10-24 12:58:22'),(84,'6 CW','2013-10-24 12:58:22'),(85,'6 FM','2013-10-24 12:58:22'),(86,'6 RTTY','2013-10-24 12:58:22'),(87,'6 PSK','2013-10-24 12:58:22'),(88,'6 Olivia','2013-10-24 12:58:22'),(89,'6 MT-63','2013-10-24 12:58:22'),(90,'6 Contestia','2013-10-24 12:58:22'),(91,'6 Domino','2013-10-24 12:58:22'),(92,'6 Hellschreiber','2013-10-24 12:58:22'),(93,'2 USB','2013-10-24 12:58:22'),(94,'2 CW','2013-10-24 12:58:22'),(95,'2 FM','2013-10-24 12:58:22'),(96,'2 RTTY','2013-10-24 12:58:22'),(97,'2 PSK','2013-10-24 12:58:22'),(98,'2 Olivia','2013-10-24 12:58:22'),(99,'2 MT-63','2013-10-24 12:58:22'),(100,'2 Contestia','2013-10-24 12:58:23'),(101,'2 Domino','2013-10-24 12:58:23'),(102,'2 Hellschreiber','2013-10-24 12:58:23'),(103,'2 DV','2013-10-24 12:58:23'),(104,'220 USB','2013-10-24 12:58:23'),(105,'220 CW','2013-10-24 12:58:23'),(106,'220 FM','2013-10-24 12:58:23'),(107,'220 RTTY','2013-10-24 12:58:23'),(108,'220 PSK','2013-10-24 12:58:23'),(109,'220 Olivia','2013-10-24 12:58:23'),(110,'220 MT-63','2013-10-24 12:58:23'),(111,'220 Contestia','2013-10-24 12:58:23'),(112,'220 Domino','2013-10-24 12:58:23'),(113,'220 Hellschreibe','2013-10-24 12:58:23'),(114,'220 DV','2013-10-24 12:58:23'),(115,'440 USB','2013-10-24 12:58:23'),(116,'440 CW','2013-10-24 12:58:23'),(117,'440 FM','2013-10-24 12:58:23'),(118,'440 RTTY','2013-10-24 12:58:23'),(119,'440 PSK','2013-10-24 12:58:23'),(120,'440 Olivia','2013-10-24 12:58:24'),(121,'440 MT-63','2013-10-24 12:58:24'),(122,'440 Contestia','2013-10-24 12:58:24'),(123,'440 Domino','2013-10-24 12:58:24'),(124,'440 Hellschreibe','2013-10-24 12:58:24'),(125,'440 DV','2013-10-24 12:58:24'),(126,'900 USB','2013-10-24 12:58:24'),(127,'900 CW','2013-10-24 12:58:24'),(128,'900 FM','2013-10-24 12:58:24'),(129,'900 RTTY','2013-10-24 12:58:24'),(130,'900 PSK','2013-10-24 12:58:24'),(131,'900 Olivia','2013-10-24 12:58:24'),(132,'900 MT-63','2013-10-24 12:58:24'),(133,'900 Contestia','2013-10-24 12:58:24'),(134,'900 Domino','2013-10-24 12:58:24'),(135,'900 Hellschreibe','2013-10-24 12:58:24'),(136,'900 DV','2013-10-24 12:58:24'),(137,'1296 USB','2013-10-24 12:58:24'),(138,'1296 CW','2013-10-24 12:58:25'),(139,'1296 FM','2013-10-24 12:58:25'),(140,'1296 RTTY','2013-10-24 12:58:25'),(141,'1296 PSK','2013-10-24 12:58:25'),(142,'1296 Olivia','2013-10-24 12:58:25'),(143,'1296 MT-63','2013-10-24 12:58:25'),(144,'1296 Contestia','2013-10-24 12:58:25'),(145,'1296 Domino','2013-10-24 12:58:25'),(146,'1296 Hellschreib','2013-10-24 12:58:25'),(147,'1296 DV','2013-10-24 12:58:25');
/*!40000 ALTER TABLE `srd_band_all` ENABLE KEYS */;
UNLOCK TABLES;

--
-- Table structure for table `srd_log`
--

DROP TABLE IF EXISTS `srd_log`;
/*!40101 SET @saved_cs_client     = @@character_set_client */;
/*!40101 SET character_set_client = utf8 */;
CREATE TABLE `srd_log` (
  `srd_time` datetime NOT NULL,
  `srd_call` char(16) COLLATE utf8_unicode_ci NOT NULL,
  `srd_location` varchar(64) COLLATE utf8_unicode_ci DEFAULT NULL,
  `srd_band_id` int(11) NOT NULL,
  `srd_weather` varchar(64) COLLATE utf8_unicode_ci DEFAULT NULL,
  `srd_nws` int(11) DEFAULT NULL,
  `srd_comments` varchar(128) COLLATE utf8_unicode_ci DEFAULT NULL,
  `srd_opcall` char(16) COLLATE utf8_unicode_ci DEFAULT NULL,
  `updated` timestamp NOT NULL DEFAULT '0000-00-00 00:00:00' ON UPDATE CURRENT_TIMESTAMP,
  KEY `srd_log_idx` (`srd_time`,`srd_call`)
) ENGINE=InnoDB DEFAULT CHARSET=utf8 COLLATE=utf8_unicode_ci;
/*!40101 SET character_set_client = @saved_cs_client */;

--
-- Dumping data for table `srd_log`
--

LOCK TABLES `srd_log` WRITE;
/*!40000 ALTER TABLE `srd_log` DISABLE KEYS */;
INSERT INTO `srd_log` VALUES ('2013-09-24 23:12:00','WB6EHW','Coloma, CA',55,'Clear and cold',NULL,'Sam','AC8AL','2013-11-07 13:09:23'),('2013-09-24 23:18:00','W0POT','Branson, MO',10,'Crummy',23,'Joe, IC7000, G5RV','AC8AL','2013-11-07 13:08:42'),('2013-09-24 23:25:00','KA4PDZ','Peachtree, GA',103,'Hot and humid',NULL,NULL,'WA8Y','2013-11-07 13:10:36'),('2013-09-24 23:34:00','WB1GIQ','Westboro, MA',75,'Partly cloudy with light flurries',NULL,NULL,'WA8Y','2013-11-07 13:09:52'),('2013-09-24 23:43:00','AB6NLJ','Pittsburg, CA',37,'Strong winds, hot and dry, blizzard conditions expected later',NULL,'Op name is Joe, operating from home station with G5RV at 60 feet, Icom 7000','WD8USA','2013-11-07 13:09:14'),('2013-09-24 23:14:00','KC8KHH','Scioto, OH',75,'Cool and overcast',NULL,NULL,'AC8AL','2013-11-07 13:09:52'),('2013-09-24 16:22:41','W2XX','Oradell, NJ',73,NULL,NULL,'G5RV','WB8RCR','2013-11-07 13:09:39'),('2013-09-24 16:24:55','AB4F','Atlanta, GA',73,'Hot and muggy',NULL,'Ron, FT8900, TH6DXX','WB8RCR','2013-11-07 13:09:39'),('2013-09-24 16:25:54','W1GR','Burlington, VT',73,'Snow, 12D',58,NULL,'WB8RCR','2013-11-07 13:09:39'),('2013-09-24 16:37:52','W3ARL','State College, PA',73,'Mild',56,NULL,'WB8RCR','2013-11-07 13:09:39'),('2013-09-24 16:39:09','K5EX','Harrison, TX',73,'Hot',NULL,'Tex','WB8RCR','2013-11-07 13:09:39'),('2013-09-24 21:55:22','WD7G','West Branch, MI',73,NULL,NULL,'Tony','WB8RCR','2013-11-07 13:09:39'),('2013-09-24 21:56:06','K8DTX','White Lake, MI',73,'Cold',17,'Ted','WB8RCR','2013-11-07 13:09:39'),('2013-09-24 21:59:23','K4LV','Louisville, KY',73,NULL,15,NULL,'WB8RCR','2013-11-07 13:09:39'),('2013-09-24 22:10:03','AB6AR','Oxnard, CA',73,NULL,98,NULL,'WB8RCR','2013-11-07 13:09:39'),('2013-09-25 00:25:20','N5AB','Tulsa, OK',73,NULL,79,NULL,'WB8RCR','2013-11-07 13:09:39'),('2013-09-25 00:39:59','AA8SN','Frankfort, MI',14,'Cold',NULL,'Hope','WB8RCR','2013-09-25 00:22:51'),('2013-09-25 00:40:23','WB8TQZ','Rogers City, MI',13,'Colder',NULL,'Mike','WB8RCR','2013-09-25 00:22:42'),('2013-09-24 00:08:00','WA7UXF',NULL,55,'Dreary',NULL,NULL,'N8OSL','2013-11-07 13:09:23'),('2013-09-24 00:14:00','WA5YXQ',NULL,19,'Hot and dry',NULL,NULL,'N8JSN','2013-11-07 13:08:59'),('2013-09-24 00:15:00','KB1KDC',NULL,75,'Hot and humid',NULL,NULL,'W8YZ','2013-11-07 13:09:52'),('2013-09-24 00:17:00','KC5MZH',NULL,117,'Snow',NULL,NULL,'WD8USA','2013-11-07 13:10:18'),('2013-09-24 00:19:00','WA8XBY',NULL,117,'Raining',NULL,NULL,'N8OSL','2013-11-07 13:10:18'),('2013-09-24 00:22:00','W0LBG',NULL,73,'Ice storms',NULL,NULL,'AC8AL','2013-11-07 13:09:39'),('2013-09-24 00:25:00','AB5RNB',NULL,19,'Pleasant',NULL,NULL,'WA8Y','2013-11-07 13:08:59'),('2013-09-24 00:32:00','KC3REL',NULL,117,'High wind',NULL,NULL,'AC8AL','2013-11-07 13:10:18'),('2013-09-24 00:35:00','KC9PRW',NULL,75,'Cool and overcast',NULL,NULL,'WA8Y','2013-11-07 13:09:52'),('2013-09-24 00:44:00','WB2YXD',NULL,19,'Thunderstorms',NULL,NULL,'N8OSL','2013-11-07 13:08:59'),('2013-09-24 00:51:00','WA4FEH',NULL,10,'Raining',NULL,NULL,'W8YZ','2013-11-07 13:08:42'),('2013-09-24 00:52:00','WB7ZYR',NULL,19,'Cool and overcast',NULL,NULL,'AC8AL','2013-11-07 13:08:59'),('2013-09-24 00:57:00','N1TDU','Lubbock, TX',73,'Pleasant',91,NULL,'N8JSN','2013-11-07 13:09:39'),('2013-09-24 00:58:00','N7TRZ',NULL,73,'Clear and cold',NULL,NULL,'N8JSN','2013-11-07 13:09:39'),('2013-09-24 00:58:00','W2LVO',NULL,103,NULL,NULL,NULL,'N8JSN','2013-11-07 13:10:36'),('0000-00-00 00:00:00','KB1ZBW',NULL,10,'Hot and dry with occasional sandstorms and a chance of snow.  Te',NULL,'We need to have a somewhat longer comment so we can test wrapping on the log, both HTML and PDF','AC8AL','2013-11-07 13:08:42'),('2013-09-24 01:03:00','WD8JOP',NULL,95,'Clear and cold',NULL,NULL,'N8OSL','2013-11-07 13:10:06'),('2013-09-24 01:06:00','WD5WTQ','Lubbock, TX',117,'Partly cloudy with light flurries',91,NULL,'W8YZ','2013-11-07 13:10:18'),('2013-09-24 01:15:00','AB9ZRM','Hanford, CA',19,'Clear and cold',102,NULL,'N8OSL','2013-11-07 13:08:59'),('2013-09-24 01:21:00','N7IIG','Albuquerque, NM',38,'Cool with a light breeze',77,NULL,'N8OSL','2013-10-28 14:45:02'),('2013-09-24 01:23:00','KA7CMP',NULL,38,'High wind',NULL,NULL,'W8YZ','2013-10-28 14:46:05'),('2013-09-24 01:23:00','WA5VGR',NULL,38,'High wind',NULL,NULL,'WA8Y','2013-10-28 14:46:05'),('2013-09-24 01:29:00','W4SRQ',NULL,38,'Hot and dry',NULL,NULL,'N8OSL','2013-10-28 14:46:05'),('2013-09-24 01:32:00','AB2XRQ',NULL,117,'Clear and cold',NULL,NULL,'AC8AL','2013-11-07 13:10:18'),('2013-09-24 01:38:00','W1JOP',NULL,37,'Snow',NULL,NULL,'AC8AL','2013-11-07 13:09:14'),('2013-09-24 01:39:00','WD0VIE',NULL,75,'Partly cloudy with light flurries',NULL,NULL,'WA8Y','2013-11-07 13:09:52'),('2013-09-24 01:40:00','KC3UYX',NULL,19,'Ice storms',NULL,NULL,'N8OSL','2013-11-07 13:08:59'),('2013-09-24 01:49:00','WD8MOE',NULL,117,'Thunderstorms',NULL,NULL,'WD8USA','2013-11-07 13:10:18'),('2013-09-24 01:53:00','N1RSD',NULL,10,'Ice storms',NULL,NULL,'WA8Y','2013-11-07 13:08:42'),('2013-09-24 01:55:00','WB1DJI',NULL,117,'Hot and dry',NULL,NULL,'W8YZ','2013-11-07 13:10:18'),('2013-09-24 01:59:00','WA3RPG','Des Moines, IA',38,'Cool with a light breeze',8,NULL,'WD8USA','2013-10-28 14:46:05'),('2013-09-24 02:02:00','W4YPG',NULL,117,'Thunderstorms',NULL,NULL,'N8JSN','2013-11-07 13:10:18'),('2013-09-24 02:08:00','KA2OLV',NULL,75,'High wind',NULL,NULL,'WA8Y','2013-11-07 13:09:52'),('2013-09-24 02:17:00','WA8DKA',NULL,117,'High wind',NULL,NULL,'N8JSN','2013-11-07 13:10:18'),('2013-09-24 02:24:00','W4ZSF',NULL,37,'Clear and cold',NULL,NULL,'N8JSN','2013-11-07 13:09:14'),('2013-09-24 02:27:00','KC8DBB',NULL,10,'Cool with a light breeze',NULL,NULL,'WD8USA','2013-11-07 13:08:42'),('2013-09-24 02:32:00','KA5PJH',NULL,73,'Raining',NULL,NULL,'N8OSL','2013-11-07 13:09:39'),('2013-09-24 02:38:00','KA2VBC',NULL,117,'Thunderstorms',NULL,NULL,'AC8AL','2013-11-07 13:10:18'),('2013-09-24 02:40:00','WA8IVR','Aberdeen, SD',37,'Hot and dry',31,NULL,'W8YZ','2013-11-07 13:09:14'),('2013-09-24 02:42:00','K6CRU',NULL,55,'Cool and overcast',NULL,NULL,'AC8AL','2013-11-07 13:09:23'),('2013-09-24 02:44:00','WA5EOA',NULL,19,'High wind',NULL,NULL,'WA8Y','2013-11-07 13:08:59'),('2013-09-24 02:50:00','KA9RVS',NULL,117,'Sunny and warm',NULL,NULL,'N8OSL','2013-11-07 13:10:18'),('2013-09-24 02:56:00','KC5KJS',NULL,19,'Raining',NULL,NULL,'N8JSN','2013-11-07 13:08:59'),('2013-09-24 03:02:00','K6SOA','Cheyenne, WY',10,'Cool with a light breeze',37,NULL,'W8YZ','2013-11-07 13:08:42'),('2013-09-24 03:05:00','KC8QIX',NULL,75,'Hot and humid',NULL,NULL,'WA8Y','2013-11-07 13:09:52'),('2013-09-24 03:14:00','K3SWO',NULL,73,'Dreary',NULL,NULL,'W8YZ','2013-11-07 13:09:39'),('2013-09-24 03:23:00','WB5YUV',NULL,37,'Pleasant',NULL,NULL,'W8YZ','2013-11-07 13:09:14'),('2013-09-24 03:31:00','KA6TUU',NULL,95,'Thunderstorms',NULL,NULL,'AC8AL','2013-11-07 13:10:06'),('2013-09-24 03:39:00','KB6KPP',NULL,19,'Raining',NULL,NULL,'N8OSL','2013-11-07 13:08:59'),('2013-09-24 03:46:00','KA8NCM',NULL,37,NULL,NULL,NULL,'WA8Y','2013-11-07 13:09:14'),('2013-09-24 03:52:00','WB1KGK','Fort Worth, TX',55,'Ice storms',88,NULL,'N8OSL','2013-11-07 13:09:23'),('2013-09-24 03:56:00','WD0BQP',NULL,95,'Hot and dry',NULL,NULL,'W8YZ','2013-11-07 13:10:06'),('0000-00-00 00:00:00','WB8YYX',NULL,55,'Hot and humid',NULL,NULL,'AC8AL','2013-11-07 13:09:23'),('2013-09-24 04:09:00','WB8ZEL',NULL,95,'Partly cloudy with light flurries',NULL,NULL,'AC8AL','2013-11-07 13:10:06'),('2013-09-24 04:18:00','WA4OOQ',NULL,103,'Cool and overcast',NULL,NULL,'N8OSL','2013-11-07 13:10:36'),('2013-09-24 04:20:00','KC8CJF',NULL,19,'Cool with a light breeze',NULL,NULL,'N8OSL','2013-11-07 13:08:59'),('2013-09-24 04:25:00','KA2AIA',NULL,103,'Snow',NULL,NULL,'W8YZ','2013-11-07 13:10:36'),('2013-09-24 04:26:00','WB4UQZ','Dousman, WI',95,'Cool and overcast',36,NULL,'W8YZ','2013-11-07 13:10:06'),('2013-09-24 04:30:00','N9DWQ',NULL,10,'Raining',NULL,NULL,'AC8AL','2013-11-07 13:08:42'),('2013-09-24 04:32:00','KC1DFY','Marquette, MI',103,'Thunderstorms',19,NULL,'N8OSL','2013-11-07 13:10:36'),('2013-09-24 04:33:00','KC0KML',NULL,10,'Partly cloudy with light flurries',NULL,NULL,'N8OSL','2013-11-07 13:08:42'),('2013-09-24 04:33:00','WB8TJZ','Mobile, AL',37,'Cool with a light breeze',64,NULL,'WA8Y','2013-11-07 13:09:14'),('2013-09-24 04:41:00','KC3BTU',NULL,95,'Partly cloudy with light flurries',NULL,NULL,'AC8AL','2013-11-07 13:10:06'),('2013-09-24 04:43:00','KB1PBC','Grand Forks, ND',117,'Hot and dry',30,NULL,'N8JSN','2013-11-07 13:10:18'),('2013-09-24 04:52:00','W9MGP',NULL,103,'Thunderstorms',NULL,NULL,'WA8Y','2013-11-07 13:10:36'),('2013-09-24 04:57:00','KA7FGQ',NULL,37,NULL,NULL,NULL,'W8YZ','2013-11-07 13:09:14'),('2013-09-24 04:59:00','KA4HRQ',NULL,19,'Cool with a light breeze',NULL,NULL,'AC8AL','2013-11-07 13:08:59'),('2013-09-24 05:06:00','N6AVW',NULL,117,'Cool with a light breeze',NULL,NULL,'N8OSL','2013-11-07 13:10:18'),('2013-09-24 05:08:00','N0NXP',NULL,37,'Pleasant',NULL,NULL,'WA8Y','2013-11-07 13:09:14'),('2013-09-24 05:11:00','W0AMH',NULL,19,'Hot and humid',NULL,NULL,'WD8USA','2013-11-07 13:08:59'),('2013-09-24 05:12:00','WB9BCG',NULL,117,'Clear and cold',NULL,NULL,'W8YZ','2013-11-07 13:10:18'),('2013-09-24 05:13:00','WB7UAP',NULL,95,'Partly cloudy with light flurries',NULL,NULL,'N8JSN','2013-11-07 13:10:06'),('2013-09-24 05:22:00','K2GVC',NULL,95,'Raining',NULL,NULL,'W8YZ','2013-11-07 13:10:06'),('2013-09-24 05:22:00','WD8ISL',NULL,10,'High wind',NULL,NULL,'N8OSL','2013-11-07 13:08:42'),('2013-09-24 05:22:00','WA1RCW',NULL,37,'Cool with a light breeze',NULL,NULL,'N8OSL','2013-11-07 13:09:14'),('2013-09-24 05:31:00','AB1ANK',NULL,55,'Raining',NULL,NULL,'AC8AL','2013-11-07 13:09:23'),('2013-09-24 05:31:00','KC1MCU',NULL,19,'Partly cloudy with light flurries',NULL,NULL,'W8YZ','2013-11-07 13:08:59'),('2013-09-24 05:31:00','KA1YCK',NULL,55,'Cool with a light breeze',NULL,NULL,'N8OSL','2013-11-07 13:09:23'),('2013-09-24 05:39:00','KA9FUJ',NULL,95,'Ice storms',NULL,NULL,'WD8USA','2013-11-07 13:10:06'),('2013-09-24 05:48:00','KB8SQN',NULL,19,'Hot and dry',NULL,NULL,'WA8Y','2013-11-07 13:08:59'),('2013-09-24 05:55:00','KA1DFU',NULL,37,'Raining',NULL,NULL,'WA8Y','2013-11-07 13:09:14'),('2013-09-24 05:56:00','KB1MHF',NULL,73,'Pleasant',NULL,NULL,'AC8AL','2013-11-07 13:09:39'),('2013-09-24 06:03:00','WD1HOQ',NULL,117,'Cool with a light breeze',NULL,NULL,'N8OSL','2013-11-07 13:10:18'),('2013-09-24 06:11:00','AB0PQT',NULL,10,'Clear and cold',NULL,NULL,'W8YZ','2013-11-07 13:08:42'),('2013-09-24 06:12:00','WA4JQC',NULL,117,'Hot and dry',NULL,NULL,'N8JSN','2013-11-07 13:10:18'),('2013-09-24 06:19:00','WA3KHP','Las Vegas, NV',55,'Partly cloudy with light flurries',110,NULL,'WA8Y','2013-11-07 13:09:23'),('2013-09-24 06:23:00','N2GOH','Midland, TX',117,'Thunderstorms',92,NULL,'AC8AL','2013-11-07 13:10:18'),('2013-09-24 06:24:00','N1AXH',NULL,19,'Cool with a light breeze',NULL,NULL,'AC8AL','2013-11-07 13:08:59'),('2013-09-24 06:33:00','AB1WFZ',NULL,117,'Thunderstorms',NULL,NULL,'WA8Y','2013-11-07 13:10:18'),('2013-09-24 06:40:00','WB1VER',NULL,75,'Hot and humid',NULL,NULL,'WD8USA','2013-11-07 13:09:52'),('2013-09-24 06:47:00','WB5AGE',NULL,19,'Dreary',NULL,NULL,'N8OSL','2013-11-07 13:08:59'),('2013-09-24 06:50:00','KA4IBC',NULL,19,'Pleasant',NULL,NULL,'N8OSL','2013-11-07 13:08:59'),('2013-09-24 06:51:00','WA4WRU',NULL,75,'Cool and overcast',NULL,NULL,'N8JSN','2013-11-07 13:09:52'),('0000-00-00 00:00:00','K8EUI',NULL,103,'Hot and humid',NULL,NULL,'WA8Y','2013-11-07 13:10:36'),('2013-09-24 07:09:00','W0BXX','Wilmington, OH',75,'Dreary',51,NULL,'WA8Y','2013-11-07 13:09:52'),('2013-09-24 07:09:00','WB4LPV',NULL,19,'Ice storms',NULL,NULL,'WA8Y','2013-11-07 13:08:59'),('2013-09-24 07:18:00','WB3JYX','Las Vegas, NV',103,'Raining',110,NULL,'W8YZ','2013-11-07 13:10:36'),('2013-09-24 07:18:00','KB9NAE',NULL,19,'Dreary',NULL,NULL,'WA8Y','2013-11-07 13:08:59'),('2013-09-24 07:25:00','WA8HOR',NULL,19,'Hot and dry',NULL,NULL,'WD8USA','2013-11-07 13:08:59'),('2013-09-24 07:34:00','WA9CGU',NULL,19,'Snow',NULL,NULL,'WD8USA','2013-11-07 13:08:59'),('2013-09-24 07:40:00','KB0XEQ','Pendleton, OR',73,'Partly cloudy with light flurries',113,NULL,'AC8AL','2013-11-07 13:09:39'),('2013-09-24 07:41:00','KB2CLW',NULL,37,'Ice storms',NULL,NULL,'W8YZ','2013-11-07 13:09:14'),('2013-09-24 07:50:00','K1GJX',NULL,37,'Hot and dry',NULL,NULL,'N8OSL','2013-11-07 13:09:14'),('2013-09-24 07:55:00','KC0QQS',NULL,95,'Dreary',NULL,NULL,'WA8Y','2013-11-07 13:10:06'),('2013-09-24 07:59:00','AB1IIQ',NULL,55,'Sunny and warm',NULL,NULL,'N8JSN','2013-11-07 13:09:23'),('2013-09-24 08:01:00','WA7DAD',NULL,19,'Hot and humid',NULL,NULL,'AC8AL','2013-11-07 13:08:59'),('2013-09-24 08:06:00','KB8GKT',NULL,117,'Thunderstorms',NULL,NULL,'W8YZ','2013-11-07 13:10:18'),('2013-09-24 08:12:00','N2HLL',NULL,103,'Partly cloudy with light flurries',NULL,NULL,'N8OSL','2013-11-07 13:10:36'),('2013-09-24 08:18:00','KC9UKN',NULL,73,'Snow',NULL,NULL,'W8YZ','2013-11-07 13:09:39'),('2013-09-24 08:23:00','W9IOB',NULL,95,'Partly cloudy with light flurries',NULL,NULL,'WD8USA','2013-11-07 13:10:06'),('2013-09-24 08:24:00','AB2PAV',NULL,10,'Ice storms',NULL,NULL,'N8JSN','2013-11-07 13:08:42'),('2013-09-24 08:31:00','WD5HGF','Wichita, KS',75,'Hot and dry',13,NULL,'AC8AL','2013-11-07 13:09:52'),('2013-09-24 08:40:00','AB7SHQ','Goodland, KS',37,'Partly cloudy with light flurries',11,NULL,'AC8AL','2013-11-07 13:09:14'),('2013-09-24 08:48:00','K8KYZ',NULL,19,'Partly cloudy with light flurries',NULL,NULL,'N8JSN','2013-11-07 13:08:59'),('2013-09-24 08:49:00','WA0GAQ',NULL,55,'Hot and dry',NULL,NULL,'AC8AL','2013-11-07 13:09:23'),('2013-09-24 08:52:00','KA0MRW',NULL,10,'Dreary',NULL,NULL,'AC8AL','2013-11-07 13:08:42'),('2013-09-24 08:53:00','KA0CDT',NULL,73,'Snow',NULL,NULL,'N8JSN','2013-11-07 13:09:39'),('2013-09-24 09:01:00','WB5LXI','Marquette, MI',117,'High wind',19,NULL,'WA8Y','2013-11-07 13:10:18'),('2013-09-24 09:09:00','WA6DJY',NULL,73,'Sunny and warm',NULL,NULL,'W8YZ','2013-11-07 13:09:39'),('2013-09-24 09:10:00','W3CIC',NULL,55,'Partly cloudy with light flurries',NULL,NULL,'WA8Y','2013-11-07 13:09:23'),('2013-09-24 09:13:00','KA8KSO',NULL,117,'Cool and overcast',NULL,NULL,'N8OSL','2013-11-07 13:10:18'),('2013-09-24 09:13:00','AB2ABS','Fairbanks, AK',75,'Raining',119,NULL,'N8JSN','2013-11-07 13:09:52'),('2013-09-24 09:15:00','WA7NGQ',NULL,73,'Sunny and warm',NULL,NULL,'WA8Y','2013-11-07 13:09:39'),('2013-09-24 09:18:00','WB0DYL',NULL,103,'Hot and humid',NULL,NULL,'WD8USA','2013-11-07 13:10:36'),('2013-09-24 09:23:00','WB7PKA',NULL,117,'Cool with a light breeze',NULL,NULL,'N8JSN','2013-11-07 13:10:18'),('2013-09-24 09:26:00','KA0AUU','Jacksonville, FL',55,'Thunderstorms',66,NULL,'N8JSN','2013-11-07 13:09:23'),('2013-09-24 09:31:00','WD8GSK',NULL,55,'Pleasant',NULL,NULL,'N8JSN','2013-11-07 13:09:23'),('2013-09-24 09:36:00','WB4GYC',NULL,117,'Thunderstorms',NULL,NULL,'W8YZ','2013-11-07 13:10:18'),('2013-09-24 09:41:00','KC5OEY',NULL,10,'High wind',NULL,NULL,'N8OSL','2013-11-07 13:08:42'),('2013-09-24 09:43:00','AB8PLO',NULL,19,'Pleasant',NULL,NULL,'N8JSN','2013-11-07 13:08:59'),('2013-09-24 09:47:00','WA9NPS',NULL,10,'Hot and humid',NULL,NULL,'N8OSL','2013-11-07 13:08:42'),('2013-09-24 09:48:00','W2BAM',NULL,37,'Hot and dry',NULL,NULL,'N8OSL','2013-11-07 13:09:14'),('2013-09-24 09:52:00','N7BTI','Monterey, CA',37,'Thunderstorms',101,NULL,'N8JSN','2013-11-07 13:09:14'),('2013-09-24 10:01:00','AB0ZFP',NULL,75,'Cool with a light breeze',NULL,NULL,'N8OSL','2013-11-07 13:09:52'),('2013-09-24 10:08:00','KA1DDS',NULL,19,'Raining',NULL,NULL,'W8YZ','2013-11-07 13:08:59'),('2013-09-24 10:10:00','AB5IOY',NULL,55,'Dreary',NULL,NULL,'WA8Y','2013-11-07 13:09:23'),('2013-09-24 10:13:00','AB6XHA',NULL,37,'Hot and dry',NULL,NULL,'WD8USA','2013-11-07 13:09:14'),('2013-09-24 10:20:00','KA5MGZ',NULL,103,'Dreary',NULL,NULL,'W8YZ','2013-11-07 13:10:36'),('2013-09-24 10:28:00','N4UBE','Boise, ID',37,'Cool and overcast',103,NULL,'N8OSL','2013-11-07 13:09:14'),('2013-09-24 10:30:00','WD3XSY',NULL,75,'Cool with a light breeze',NULL,NULL,'WA8Y','2013-11-07 13:09:52'),('2013-09-24 10:31:00','W5VFV',NULL,75,'Hot and dry',NULL,NULL,'N8JSN','2013-11-07 13:09:52'),('2013-09-24 10:35:00','W8MYL',NULL,55,'Snow',NULL,NULL,'N8JSN','2013-11-07 13:09:23'),('2013-09-24 10:35:00','W2AHI',NULL,103,NULL,NULL,NULL,'W8YZ','2013-11-07 13:10:36'),('2013-09-24 10:35:00','KA7GIN',NULL,37,'Hot and dry',NULL,NULL,'N8JSN','2013-11-07 13:09:14'),('2013-09-24 10:41:00','WD8QKR',NULL,19,'Ice storms',NULL,NULL,'WA8Y','2013-11-07 13:08:59'),('2013-09-24 10:49:00','KB2CFA','White Lake, MI',75,'Raining',17,NULL,'N8OSL','2013-11-07 13:09:52'),('2013-09-24 10:53:00','WD1WYT',NULL,10,'Thunderstorms',NULL,NULL,'W8YZ','2013-11-07 13:08:42'),('2013-09-24 10:53:00','N8GKR',NULL,103,'Thunderstorms',NULL,NULL,'WA8Y','2013-11-07 13:10:36'),('2013-09-24 10:58:00','W9SEV',NULL,117,'Thunderstorms',NULL,NULL,'AC8AL','2013-11-07 13:10:18'),('2013-09-24 11:04:00','K7KCD',NULL,19,'High wind',NULL,NULL,'W8YZ','2013-11-07 13:08:59'),('2013-09-24 11:05:00','K6VCI',NULL,103,'Dreary',NULL,NULL,'W8YZ','2013-11-07 13:10:36'),('2013-09-24 11:06:00','KA1ZLA',NULL,117,'Ice storms',NULL,NULL,'N8JSN','2013-11-07 13:10:18'),('2013-09-24 11:12:00','KA9TJZ','Rapid City, SD',103,'Raining',32,NULL,'WD8USA','2013-11-07 13:10:36'),('2013-09-24 11:12:00','KA2JLL',NULL,75,'Hot and dry',NULL,NULL,'W8YZ','2013-11-07 13:09:52'),('2013-09-24 11:17:00','N6AAM','Portland, OR',117,'Hot and dry',114,NULL,'W8YZ','2013-11-07 13:10:18'),('2013-09-24 11:26:00','WD8GDC',NULL,19,NULL,NULL,NULL,'N8JSN','2013-11-07 13:08:59'),('2013-09-24 11:28:00','WB6SSC',NULL,117,'Snow',NULL,NULL,'W8YZ','2013-11-07 13:10:18'),('2013-09-24 11:31:00','WD8UCV',NULL,95,'Snow',NULL,NULL,'WA8Y','2013-11-07 13:10:06'),('2013-09-24 11:37:00','KC9USR',NULL,19,'Partly cloudy with light flurries',NULL,NULL,'N8JSN','2013-11-07 13:08:59'),('2013-09-24 11:42:00','KB0REO',NULL,19,'Cool and overcast',NULL,NULL,'WA8Y','2013-11-07 13:08:59'),('2013-09-24 11:44:00','KA1CKX',NULL,95,'Hot and dry',NULL,NULL,'WD8USA','2013-11-07 13:10:06'),('2013-09-24 11:50:00','N4HDH',NULL,10,'Hot and dry',NULL,NULL,'WA8Y','2013-11-07 13:08:42'),('2013-09-24 11:55:00','WB2DWK',NULL,10,'Thunderstorms',NULL,NULL,'WA8Y','2013-11-07 13:08:42'),('2013-09-24 12:01:00','WD5OTR',NULL,73,'Thunderstorms',NULL,NULL,'WA8Y','2013-11-07 13:09:39'),('2013-09-24 12:10:00','K6FIY',NULL,73,'Sunny and warm',NULL,NULL,'WD8USA','2013-11-07 13:09:39'),('2013-09-24 12:13:00','WB4SAA',NULL,95,'Raining',NULL,NULL,'W8YZ','2013-11-07 13:10:06'),('2013-09-24 12:19:00','WB5JPU',NULL,73,'High wind',NULL,NULL,'WA8Y','2013-11-07 13:09:39'),('2013-09-24 12:19:00','WD8YSY','Syracuse, IN',103,'High wind',7,NULL,'N8OSL','2013-11-07 13:10:36'),('2013-09-24 12:19:00','KA9GKC','Marquette, MI',10,'Hot and humid',19,NULL,'WA8Y','2013-11-07 13:08:42'),('2013-09-24 12:20:00','WB9NUT','Oxnard, CA',37,'Partly cloudy with light flurries',98,NULL,'WA8Y','2013-11-07 13:09:14'),('2013-09-24 12:28:00','AB4ICZ',NULL,55,'Hot and humid',NULL,NULL,'AC8AL','2013-11-07 13:09:23'),('2013-09-24 12:37:00','N5DAB','Houston, TX',10,'Raining',0,'Dave','AC8AL','2013-11-07 13:08:42'),('2013-09-24 12:43:00','W8SWO',NULL,37,'Pleasant',NULL,NULL,'WD8USA','2013-11-07 13:09:14'),('2013-09-24 12:47:00','AB4KAQ',NULL,55,'Sunny and warm',NULL,NULL,'W8YZ','2013-11-07 13:09:23'),('2013-09-24 12:52:00','W4QWQ',NULL,10,'Snow',NULL,NULL,'N8OSL','2013-11-07 13:08:42'),('2013-09-24 12:58:00','N0GWR',NULL,19,'Sunny and warm',NULL,NULL,'N8OSL','2013-11-07 13:08:59'),('2013-09-24 13:02:00','WD0CYG','Elko, NV',10,'Snow',109,NULL,'W8YZ','2013-11-07 13:08:42'),('2013-09-24 13:06:00','KB7FZN',NULL,19,'Raining',NULL,NULL,'W8YZ','2013-11-07 13:08:59'),('2013-09-24 13:10:00','KB8QCX',NULL,19,'Cool and overcast',NULL,NULL,'AC8AL','2013-11-07 13:08:59'),('2013-09-24 13:15:00','K5RCE',NULL,117,NULL,NULL,NULL,'AC8AL','2013-11-07 13:10:18'),('2013-09-24 13:23:00','W0WPU','Tucson, AZ',73,'High wind',96,NULL,'AC8AL','2013-11-07 13:09:39'),('2013-09-24 13:24:00','KB6DDW',NULL,73,'Clear and cold',NULL,NULL,'N8JSN','2013-11-07 13:09:39'),('2013-09-24 13:29:00','AB6UDR','Juneau, AK',55,'Clear and cold',120,NULL,'N8JSN','2013-11-07 13:09:23'),('2013-09-24 13:36:00','KB5NOV',NULL,117,'Sunny and warm',NULL,NULL,'N8OSL','2013-11-07 13:10:18'),('2013-09-24 13:37:00','AB6RCT',NULL,19,'High wind',NULL,NULL,'WD8USA','2013-11-07 13:08:59'),('2013-09-24 13:38:00','KA9FOO',NULL,55,'Sunny and warm',NULL,NULL,'N8JSN','2013-11-07 13:09:23'),('2013-09-24 13:43:00','KA9IHD',NULL,75,'Partly cloudy with light flurries',NULL,NULL,'WD8USA','2013-11-07 13:09:52'),('2013-09-24 13:48:00','K7IWL',NULL,103,'Snow',NULL,NULL,'WA8Y','2013-11-07 13:10:36'),('2013-09-24 13:55:00','WD4HHC',NULL,103,'Hot and humid',NULL,NULL,'WA8Y','2013-11-07 13:10:36'),('0000-00-00 00:00:00','K2QND',NULL,10,NULL,NULL,NULL,'WA8Y','2013-11-07 13:08:42'),('2013-09-24 14:01:00','KA4BAC',NULL,55,'Partly cloudy with light flurries',NULL,NULL,'AC8AL','2013-11-07 13:09:23'),('2013-09-24 14:09:00','KB7DXB',NULL,103,'Partly cloudy with light flurries',NULL,NULL,'WD8USA','2013-11-07 13:10:36'),('2013-09-24 14:09:00','KA5OSD',NULL,10,'Dreary',NULL,NULL,'WA8Y','2013-11-07 13:08:42'),('2013-09-24 14:16:00','AB1VEX',NULL,19,'Cool and overcast',NULL,NULL,'N8OSL','2013-11-07 13:08:59'),('2013-09-24 14:17:00','KC2GEQ','Melbourne, FL',10,'Raining',68,'Brandy, FT-897D','N8JSN','2013-11-07 13:08:42'),('2013-09-24 14:24:00','KB2HKO','Huntsville, AL',19,'Ice storms',63,NULL,'N8OSL','2013-11-07 13:08:59'),('2013-09-24 14:24:00','KA7MZI',NULL,55,'Pleasant',NULL,NULL,'W8YZ','2013-11-07 13:09:23'),('2013-09-24 14:25:00','KC5SFT',NULL,75,'Thunderstorms',NULL,NULL,'WA8Y','2013-11-07 13:09:52'),('2013-09-24 14:32:00','K2TRN',NULL,117,'Hot and dry',NULL,NULL,'N8OSL','2013-11-07 13:10:18'),('2013-09-24 14:36:00','W8SWA',NULL,55,'Thunderstorms',NULL,NULL,'W8YZ','2013-11-07 13:09:23'),('2013-09-24 14:36:00','KA6TLB',NULL,37,'Snow',NULL,NULL,'W8YZ','2013-11-07 13:09:14'),('2013-09-24 14:45:00','KC9MGI','Hanford, CA',19,'Hot and humid',102,NULL,'W8YZ','2013-11-07 13:08:59'),('2013-09-24 14:47:00','AB1YPO',NULL,95,'Hot and dry',NULL,NULL,'WD8USA','2013-11-07 13:10:06'),('2013-09-24 14:50:00','AB8OYO',NULL,19,'Hot and humid',NULL,NULL,'AC8AL','2013-11-07 13:08:59'),('2013-09-24 14:50:00','WB5DIU',NULL,103,'Partly cloudy with light flurries',NULL,NULL,'W8YZ','2013-11-07 13:10:36'),('2013-09-24 14:59:00','AB5OOQ','Medford, OR',19,'Thunderstorms',112,NULL,'WA8Y','2013-11-07 13:08:59'),('2013-09-24 14:59:00','KC8OXK',NULL,95,'Thunderstorms',NULL,NULL,'AC8AL','2013-11-07 13:10:06'),('2013-09-24 15:04:00','KA4FTJ','El Paso, TX',117,'Ice storms',89,NULL,'AC8AL','2013-11-07 13:10:18'),('2013-09-24 15:08:00','WD9IJM','Carolina, PR',19,'Cool with a light breeze',80,NULL,'N8OSL','2013-11-07 13:08:59'),('2013-09-24 15:13:00','WD8RIC',NULL,19,'Cool with a light breeze',NULL,NULL,'W8YZ','2013-11-07 13:08:59'),('2013-09-24 15:17:00','N1DOA',NULL,55,'Cool and overcast',NULL,NULL,'WD8USA','2013-11-07 13:09:23'),('2013-09-24 15:24:00','AB8UKK',NULL,117,'Hot and humid',NULL,NULL,'W8YZ','2013-11-07 13:10:18'),('2013-09-24 15:27:00','KC1LBA','Salt Lake City, UT',19,'Hot and humid',115,NULL,'AC8AL','2013-11-07 13:08:59'),('2013-09-24 15:33:00','AB2DES',NULL,55,'Thunderstorms',NULL,NULL,'AC8AL','2013-11-07 13:09:23'),('2013-09-24 15:35:00','KC8ROK',NULL,73,'Snow',NULL,NULL,'AC8AL','2013-11-07 13:09:39'),('2013-09-24 15:37:00','WA5IHR',NULL,19,'Pleasant',NULL,NULL,'N8OSL','2013-11-07 13:08:59'),('2013-09-24 15:39:00','KC3YEY',NULL,19,'Cool and overcast',NULL,NULL,'N8OSL','2013-11-07 13:08:59'),('2013-09-24 15:42:00','N6SYA',NULL,75,'Hot and humid',NULL,NULL,'N8OSL','2013-11-07 13:09:52'),('2013-09-24 15:43:00','WD9UVJ',NULL,19,'Hot and dry',NULL,NULL,'W8YZ','2013-11-07 13:08:59'),('2013-09-24 15:52:00','WD2XHQ',NULL,19,'Snow',NULL,NULL,'N8OSL','2013-11-07 13:08:59'),('2013-09-24 15:55:00','WA1KVK',NULL,55,'Sunny and warm',NULL,NULL,'N8JSN','2013-11-07 13:09:23'),('2013-09-24 16:04:00','KB2HPR',NULL,55,'Cool with a light breeze',NULL,NULL,'W8YZ','2013-11-07 13:09:23'),('2013-09-24 16:12:00','AB7NBR',NULL,19,'Partly cloudy with light flurries',NULL,NULL,'N8OSL','2013-11-07 13:08:59'),('2013-09-24 16:12:00','W8MAJ',NULL,103,'Ice storms',NULL,NULL,'WD8USA','2013-11-07 13:10:36'),('2013-09-24 16:12:00','AB5TQC',NULL,19,'Hot and humid',NULL,NULL,'AC8AL','2013-11-07 13:08:59'),('2013-09-24 16:15:00','KB2ZCZ',NULL,117,'Sunny and warm',NULL,NULL,'W8YZ','2013-11-07 13:10:18'),('2013-09-24 16:24:00','WB8HZY','Wilmington, OH',55,'Raining',51,NULL,'N8JSN','2013-11-07 13:09:23'),('2013-09-24 16:33:00','KB5IHB',NULL,117,'Cool and overcast',NULL,NULL,'N8OSL','2013-11-07 13:10:18'),('2013-09-24 16:36:00','KC7HKW',NULL,19,'Snow',NULL,NULL,'WA8Y','2013-11-07 13:08:59'),('2013-09-24 16:36:00','AB9DDW',NULL,19,'High wind',NULL,NULL,'AC8AL','2013-11-07 13:08:59'),('2013-09-24 16:44:00','KA3XFX',NULL,37,'Cool with a light breeze',NULL,NULL,'N8OSL','2013-11-07 13:09:14'),('2013-09-24 16:48:00','WD7IFZ','Seattle, WA',75,NULL,116,NULL,'N8JSN','2013-11-07 13:09:52'),('2013-09-24 16:48:00','N7WOC',NULL,37,'Raining',NULL,NULL,'W8YZ','2013-11-07 13:09:14'),('2013-09-24 16:53:00','KB5LEH','Monterey, CA',55,'Hot and dry',101,NULL,'WA8Y','2013-11-07 13:09:23'),('2013-09-24 17:02:00','WD4BYM',NULL,37,'Thunderstorms',NULL,NULL,'WD8USA','2013-11-07 13:09:14'),('2013-09-24 17:05:00','W4NUR',NULL,75,'Dreary',NULL,NULL,'WD8USA','2013-11-07 13:09:52'),('2013-09-24 17:11:00','KA8UKO',NULL,10,'Sunny and warm',NULL,NULL,'WD8USA','2013-11-07 13:08:42'),('2013-09-24 17:15:00','WB1ZPS',NULL,10,'Clear and cold',NULL,NULL,'WA8Y','2013-11-07 13:08:42'),('2013-09-24 17:20:00','WA8GWZ',NULL,117,'Hot and dry',NULL,NULL,'N8JSN','2013-11-07 13:10:18'),('2013-09-24 17:25:00','WD2CJK','Midland, TX',75,'Hot and dry',92,NULL,'N8JSN','2013-11-07 13:09:52'),('2013-09-24 17:30:00','AB4AWN',NULL,117,'Clear and cold',NULL,NULL,'N8JSN','2013-11-07 13:10:18'),('2013-09-24 17:33:00','W8WHM','Paducah, KY',19,'Pleasant',16,NULL,'WD8USA','2013-11-07 13:08:59'),('2013-09-24 17:36:00','AB2CIU',NULL,19,NULL,NULL,NULL,'WD8USA','2013-11-07 13:08:59'),('2013-09-24 17:40:00','WA9ZEW','Mount Holly, NJ',73,'Thunderstorms',43,NULL,'WD8USA','2013-11-07 13:09:39'),('2013-09-24 17:43:00','KC0JVB',NULL,103,'Raining',NULL,NULL,'WA8Y','2013-11-07 13:10:36'),('2013-09-24 17:46:00','KB2DCI',NULL,19,'Snow',NULL,NULL,'W8YZ','2013-11-07 13:08:59'),('2013-09-24 17:53:00','W9VKQ',NULL,55,'Dreary',NULL,NULL,'N8OSL','2013-11-07 13:09:23'),('2013-09-24 17:55:00','WD2JHL',NULL,117,NULL,NULL,NULL,'WD8USA','2013-11-07 13:10:18'),('2013-09-24 18:03:00','KC0XZN','Midland, TX',55,'Clear and cold',92,NULL,'WD8USA','2013-11-07 13:09:23'),('2013-09-24 18:03:00','N8SOR','Warren, OH',10,'Clear and cold',0,'Chuck','AC8AL','2013-11-07 13:08:42'),('2013-09-24 18:07:00','KA4WCM',NULL,103,'High wind',NULL,NULL,'W8YZ','2013-11-07 13:10:36'),('2013-09-24 18:09:00','WD5HSY',NULL,55,'Cool and overcast',NULL,NULL,'WD8USA','2013-11-07 13:09:23'),('2013-09-24 18:11:00','K0YCF','Caribou, ME',117,'Thunderstorms',40,NULL,'W8YZ','2013-11-07 13:10:18'),('2013-09-24 18:14:00','W3QAP',NULL,73,NULL,NULL,NULL,'WA8Y','2013-11-07 13:09:39'),('2013-09-24 18:19:00','K2LOK',NULL,19,NULL,NULL,NULL,'W8YZ','2013-11-07 13:08:59'),('2013-09-24 18:20:00','WD0GDC',NULL,37,'Hot and dry',NULL,NULL,'N8OSL','2013-11-07 13:09:14'),('2013-09-24 18:29:00','KA6QOH',NULL,10,'Clear and cold',NULL,NULL,'WA8Y','2013-11-07 13:08:42'),('2013-09-24 18:31:00','W5TLK',NULL,19,'Thunderstorms',NULL,NULL,'W8YZ','2013-11-07 13:08:59'),('2013-09-24 18:36:00','N3PVW',NULL,117,'Dreary',NULL,NULL,'N8JSN','2013-11-07 13:10:18'),('2013-09-24 18:44:00','AB4EZB',NULL,95,'Raining',NULL,NULL,'WD8USA','2013-11-07 13:10:06'),('2013-09-24 18:50:00','N1CAB','East Calais, VT',10,'Snow',0,'Chet','N8JSN','2013-11-07 13:08:42'),('2013-09-24 18:51:00','KC9ZVI',NULL,95,'Dreary',NULL,NULL,'N8JSN','2013-11-07 13:10:06'),('2013-09-24 18:57:00','N6TOL',NULL,73,NULL,NULL,NULL,'AC8AL','2013-11-07 13:09:39'),('0000-00-00 00:00:00','WA6JXF',NULL,95,'High wind',NULL,NULL,'WD8USA','2013-11-07 13:10:06'),('2013-09-24 19:09:00','WB7UVZ',NULL,55,NULL,NULL,NULL,'N8JSN','2013-11-07 13:09:23'),('2013-09-24 19:16:00','WA1LYP',NULL,103,NULL,NULL,NULL,'WA8Y','2013-11-07 13:10:36'),('2013-09-24 19:19:00','K5RCU',NULL,55,'Sunny and warm',NULL,NULL,'WD8USA','2013-11-07 13:09:23'),('2013-09-24 19:19:00','WD2UUE',NULL,73,'Dreary',NULL,NULL,'W8YZ','2013-11-07 13:09:39'),('2013-09-24 19:25:00','K9PTI',NULL,95,'Dreary',NULL,NULL,'W8YZ','2013-11-07 13:10:06'),('2013-09-24 19:32:00','KA8OOO',NULL,75,NULL,NULL,NULL,'N8JSN','2013-11-07 13:09:52'),('2013-09-24 19:32:00','N4VKY',NULL,19,'Partly cloudy with light flurries',NULL,NULL,'AC8AL','2013-11-07 13:08:59'),('2013-09-24 19:32:00','K8UML',NULL,55,'High wind',NULL,NULL,'N8JSN','2013-11-07 13:09:23'),('2013-09-24 19:41:00','KB0MKQ',NULL,75,'Dreary',NULL,NULL,'N8OSL','2013-11-07 13:09:52'),('2013-09-24 19:47:00','WB0PBR',NULL,55,'Pleasant',NULL,NULL,'N8OSL','2013-11-07 13:09:23'),('2013-09-24 19:55:00','WA9HRP',NULL,73,'Clear and cold',NULL,NULL,'N8OSL','2013-11-07 13:09:39'),('2013-09-24 19:56:00','W9TOK',NULL,73,'Sunny and warm',NULL,NULL,'N8OSL','2013-11-07 13:09:39'),('2013-09-24 19:56:00','N5UTV',NULL,75,'Dreary',NULL,NULL,'N8OSL','2013-11-07 13:09:52'),('2013-09-24 19:57:00','KB3TMA',NULL,103,NULL,NULL,NULL,'N8OSL','2013-11-07 13:10:36'),('2013-09-24 19:57:00','KA6OAR',NULL,19,NULL,NULL,NULL,'WD8USA','2013-11-07 13:08:59'),('2013-09-24 19:58:00','KA8XIR',NULL,19,'Partly cloudy with light flurries',NULL,NULL,'AC8AL','2013-11-07 13:08:59'),('2013-09-24 19:58:00','K5UPP',NULL,75,'Dreary',NULL,NULL,'N8OSL','2013-11-07 13:09:52'),('2013-09-24 20:06:00','N1UXX',NULL,117,'Clear and cold',NULL,NULL,'N8JSN','2013-11-07 13:10:18'),('2013-09-24 20:15:00','WD1QPU',NULL,103,'Clear and cold',NULL,NULL,'N8OSL','2013-11-07 13:10:36'),('2013-09-24 20:21:00','WA5HAC',NULL,117,'Snow',NULL,NULL,'AC8AL','2013-11-07 13:10:18'),('2013-09-24 20:30:00','K7VZY',NULL,103,'Ice storms',NULL,NULL,'W8YZ','2013-11-07 13:10:36'),('2013-09-24 20:39:00','KA4TCI',NULL,19,'Dreary',NULL,NULL,'N8OSL','2013-11-07 13:08:59'),('2013-09-24 20:46:00','KB0WIQ',NULL,95,'Thunderstorms',NULL,NULL,'WD8USA','2013-11-07 13:10:06'),('2013-09-24 20:47:00','WA7DGS',NULL,95,'Hot and dry',NULL,NULL,'W8YZ','2013-11-07 13:10:06'),('2013-09-24 20:47:00','KC8KMM',NULL,55,NULL,NULL,NULL,'N8OSL','2013-11-07 13:09:23'),('2013-09-24 20:55:00','KA2DGV',NULL,103,'High wind',NULL,NULL,'N8OSL','2013-11-07 13:10:36'),('2013-09-24 21:01:00','N0XYZ','Mobile, AL',73,'Snow',64,NULL,'N8OSL','2013-11-07 13:09:39'),('2013-09-24 21:06:00','W0BRA','Davenport, IA',10,NULL,9,NULL,'W8YZ','2013-11-07 13:08:42'),('2013-09-24 21:09:00','WD4ETD',NULL,73,'Sunny and warm',NULL,NULL,'N8JSN','2013-11-07 13:09:39'),('2013-09-24 21:09:00','W4CCY',NULL,55,'Hot and humid',NULL,NULL,'N8OSL','2013-11-07 13:09:23'),('2013-09-24 21:14:00','KA5FPC',NULL,55,'Dreary',NULL,NULL,'N8OSL','2013-11-07 13:09:23'),('2013-09-24 21:20:00','AB2UHM',NULL,55,'Pleasant',NULL,NULL,'W8YZ','2013-11-07 13:09:23'),('2013-09-24 21:24:00','W5JAK',NULL,19,'Ice storms',NULL,NULL,'WD8USA','2013-11-07 13:08:59'),('2013-09-24 21:27:00','AB6LAD',NULL,55,'Hot and dry',NULL,NULL,'WD8USA','2013-11-07 13:09:23'),('2013-09-24 21:34:00','K6HAD',NULL,19,'Hot and humid',NULL,NULL,'WA8Y','2013-11-07 13:08:59'),('2013-09-24 21:34:00','W0MYP','Plattsburg, NY',10,'Cool with a light breeze',0,'Rene','WA8Y','2013-11-07 13:08:42'),('2013-09-24 21:37:00','K1NWT','Bismark, ND',117,'Partly cloudy with light flurries',29,NULL,'WD8USA','2013-11-07 13:10:18'),('2013-09-24 21:38:00','WB9KLO','Columbia, SC',10,'Clear and cold',54,'Op Mahitabel, rig TS520','WD8USA','2013-11-07 13:08:42'),('2013-09-24 21:38:00','W4MTE',NULL,75,'High wind',NULL,NULL,'WA8Y','2013-11-07 13:09:52'),('2013-09-24 21:39:00','KA7KRP',NULL,73,'Snow',NULL,NULL,'AC8AL','2013-11-07 13:09:39'),('2013-09-24 21:40:00','AB0FER',NULL,95,'Ice storms',NULL,NULL,'WD8USA','2013-11-07 13:10:06'),('2013-09-24 21:42:00','KB4LLQ',NULL,95,'Dreary',NULL,NULL,'W8YZ','2013-11-07 13:10:06'),('2013-09-24 21:51:00','WA4PEY','Dothan, AL',10,'Thunderstorms',0,'George','WD8USA','2013-11-07 13:08:42'),('2013-09-24 21:56:00','KC3FZZ','Portland, ME',10,'High wind',39,NULL,'N8JSN','2013-11-07 13:08:42'),('2013-09-24 22:03:00','KA8NUB',NULL,103,'Sunny and warm',NULL,NULL,'WA8Y','2013-11-07 13:10:36'),('2013-09-24 22:09:00','WD8ZLI',NULL,103,'Ice storms',NULL,NULL,'N8JSN','2013-11-07 13:10:36'),('2013-09-24 22:09:00','W9CKQ','Racine, WI',10,'Ice storms',0,'Al','N8JSN','2013-11-07 13:08:42'),('2013-09-24 22:15:00','KC9SDK',NULL,117,'High wind',NULL,NULL,'WD8USA','2013-11-07 13:10:18'),('2013-09-24 22:16:00','WA2MVX',NULL,19,'Partly cloudy with light flurries',NULL,NULL,'WD8USA','2013-11-07 13:08:59'),('2013-09-24 22:23:00','KA4LYZ',NULL,95,'Clear and cold',NULL,NULL,'W8YZ','2013-11-07 13:10:06'),('2013-09-24 22:23:00','KA8LAR','Monroe, MI',10,'Cool with a light breeze',0,'Lee','W8YZ','2013-11-07 13:08:42'),('2013-09-24 22:32:00','WB9XTY',NULL,75,'Pleasant',NULL,NULL,'N8OSL','2013-11-07 13:09:52'),('2013-09-24 22:36:00','WD6KGS',NULL,95,'Thunderstorms',NULL,NULL,'N8OSL','2013-11-07 13:10:06'),('2013-09-24 22:39:00','W0FVV',NULL,10,'Pleasant',NULL,NULL,'W8YZ','2013-11-07 13:08:42'),('2013-09-24 22:48:00','AB9XMC',NULL,19,NULL,NULL,NULL,'WA8Y','2013-11-07 13:08:59'),('2013-09-24 22:48:00','WA6HDF',NULL,19,'Ice storms',NULL,NULL,'N8JSN','2013-11-07 13:08:59'),('2013-09-24 22:56:00','N2QCC',NULL,73,NULL,NULL,NULL,'W8YZ','2013-11-07 13:09:39'),('2013-09-24 22:56:00','KC4YEO',NULL,19,'High wind',NULL,NULL,'N8JSN','2013-11-07 13:08:59'),('2013-09-24 23:03:00','AB5WYY',NULL,73,'Clear and cold',NULL,NULL,'WD8USA','2013-11-07 13:09:39'),('2013-09-24 23:06:00','AB2LVP',NULL,55,'Raining',NULL,NULL,'N8OSL','2013-11-07 13:09:23'),('2013-09-24 23:12:00','WB6EHW',NULL,19,'Clear and cold',NULL,NULL,'AC8AL','2013-11-07 13:08:59'),('2013-09-24 23:18:00','W0POT',NULL,19,NULL,NULL,NULL,'AC8AL','2013-11-07 13:08:59'),('2013-09-24 23:25:00','KA4PDZ',NULL,103,'Hot and humid',NULL,NULL,'WA8Y','2013-11-07 13:10:36'),('2013-09-24 23:34:00','WB1GIQ',NULL,19,'Partly cloudy with light flurries',NULL,NULL,'WA8Y','2013-11-07 13:08:59'),('2013-09-24 23:43:00','AB6NLJ',NULL,37,'Thunderstorms',NULL,NULL,'WD8USA','2013-11-07 13:09:14'),('2013-09-24 23:52:00','WD4XGT',NULL,73,'Cool with a light breeze',NULL,NULL,'WD8USA','2013-11-07 13:09:39'),('2013-09-24 22:59:00','KC8KHH','Scioto, OH',73,'Cool and overcast',NULL,NULL,'AC8AR','2013-11-07 13:09:39'),('2013-09-24 23:59:00','AB1KHX',NULL,73,'Raining',NULL,NULL,'WA8Y','2013-11-07 13:09:39'),('0000-00-00 00:00:00','KC8KBX','Greer, SC',19,'Partly cloudy with light flurries and a blizzard warning for lat',55,'Moe, Kenwood TS2000, G5RV at 35 feet','N8JSN','2013-11-07 13:08:59'),('2013-09-25 14:00:44','W1AW','Newington, CT',23,'Pleasant',NULL,'Op W1RFI','WA8BCD','2013-11-07 13:10:47'),('2013-09-30 00:18:31','AC8AG','allegan, mi',73,'clear',NULL,'test','KD8QNX','2013-11-07 13:09:39'),('2013-10-08 00:41:49','KG4U','Pago Pago',103,'Sultry',123,NULL,'WB8RCR','2013-11-07 13:10:36'),('2013-09-24 23:31:00','KS4A','Pago Pago',55,'Sultry',123,'Juan','WB8RCR','2013-11-07 13:09:23'),('2013-10-09 16:45:05','K4HUN','Huntsville, AL',37,'Warm',63,'Red \'letter\' day','WB8RCR','2013-11-07 13:09:14'),('2013-10-09 16:45:59','K4HUN','Huntsville, AL',37,'Warm',63,'Red \'letter\' day','WB8RCR','2013-11-07 13:09:14'),('2013-10-09 16:47:10','AK7JUN','Juneau, Alaska',37,'Hot and muggy, \\_rain\\_ or \\%sandstorms',120,'What about \\_, \\% and \'','WB8RCR','2013-11-07 13:09:14'),('2013-10-24 04:24:51','AC8AG','allegan',11,'snowing',NULL,NULL,'KD8QNX','2013-10-24 03:24:51');
/*!40000 ALTER TABLE `srd_log` ENABLE KEYS */;
UNLOCK TABLES;

--
-- Table structure for table `srd_offices_a`
--

DROP TABLE IF EXISTS `srd_offices_a`;
/*!40101 SET @saved_cs_client     = @@character_set_client */;
/*!40101 SET character_set_client = utf8 */;
CREATE TABLE `srd_offices_a` (
  `srd_office_id` smallint(6) NOT NULL,
  `srd_office_code` char(16) COLLATE utf8_unicode_ci NOT NULL,
  `srd_office_city` varchar(64) COLLATE utf8_unicode_ci DEFAULT NULL,
  `srd_office_state` char(8) COLLATE utf8_unicode_ci DEFAULT NULL,
  `srd_region` smallint(6) NOT NULL,
  `srd_office_x` float DEFAULT NULL,
  `srd_office_y` float DEFAULT NULL,
  `updated` timestamp NOT NULL DEFAULT '0000-00-00 00:00:00' ON UPDATE CURRENT_TIMESTAMP,
  UNIQUE KEY `srd_office_id` (`srd_office_id`),
  KEY `srd_offices_a_idx` (`srd_office_id`)
) ENGINE=InnoDB DEFAULT CHARSET=utf8 COLLATE=utf8_unicode_ci;
/*!40101 SET character_set_client = @saved_cs_client */;

--
-- Dumping data for table `srd_offices_a`
--

LOCK TABLES `srd_offices_a` WRITE;
/*!40000 ALTER TABLE `srd_offices_a` DISABLE KEYS */;
INSERT INTO `srd_offices_a` VALUES (1,'BOU','Boulder','CO',1,-104.538,40.0124,'2013-10-07 19:43:00'),(2,'GJT','Grand Junction','CO',1,-108.424,38.955,'2013-10-07 19:34:21'),(3,'PUB','Pueblo','CO',1,-104.559,37.9223,'2013-10-07 19:34:21'),(4,'ILX','Lincoln','IL',1,-89.0049,39.9442,'2013-10-07 19:23:08'),(5,'LOT','Chicago','IL',1,-88.2582,41.4841,'2013-10-07 19:23:10'),(6,'IND','Indianapolis','IN',1,-86.4451,39.6213,'2013-10-07 19:23:08'),(7,'IWX','Syracuse','IN',1,-85.4802,41.2499,'2013-10-07 19:23:08'),(8,'DMX','Des Moines','IA',1,-93.7409,41.9757,'2013-10-07 19:23:08'),(9,'DVN','Davenport','IA',1,-91.0153,41.5122,'2013-10-07 19:23:08'),(10,'DDC','Dodge City','KS',1,-100.162,37.8615,'2013-10-07 19:34:21'),(11,'GLD','Goodland','KS',1,-101.468,39.4263,'2013-10-07 19:34:21'),(12,'TOP','Topeka','KS',1,-96.3939,39.1496,'2013-10-07 19:23:09'),(13,'ICT','Wichita','KS',1,-97.176,37.9143,'2013-10-07 19:23:08'),(14,'JKL','Jackson','KY',1,-83.575,37.3903,'2013-10-07 19:23:09'),(15,'LMK','Louisville','KY',1,-85.6681,37.7254,'2013-10-07 19:23:09'),(16,'PAH','Paducah','KY',1,-88.7169,37.4122,'2013-10-07 19:23:09'),(17,'DTX','White Lake','MI',1,-83.5116,42.946,'2013-10-07 19:23:10'),(18,'GRR','Grand Rapids','MI',1,-85.3501,43.0911,'2013-10-07 19:23:11'),(19,'MQT','Marquette','MI',1,-87.8122,46.3808,'2013-10-07 19:23:11'),(20,'APX','Gaylord','MI',1,-84.6641,45.0125,'2013-10-07 19:23:10'),(21,'DLH','Duluth','MN',1,-92.4931,46.9673,'2013-10-07 19:23:10'),(22,'MPX','Chanhassen','MN',1,-93.8279,44.9942,'2013-10-07 19:23:09'),(23,'EAX','Pleasant Hill','MO',1,-93.9302,39.489,'2013-10-07 19:23:08'),(24,'SGF','Springfield','MO',1,-93.0397,37.4217,'2013-10-07 19:23:09'),(25,'LSX','St. Louis','MO',1,-90.8306,38.8167,'2013-10-07 19:23:09'),(26,'GID','Hastings','NE',1,-98.702,40.4305,'2013-10-07 19:23:08'),(27,'LBF','North Platte','NE',1,-100.712,41.8755,'2013-10-07 19:34:21'),(28,'OAX','Valley','NE',1,-96.6469,41.3772,'2013-10-07 19:23:09'),(29,'BIS','Bismark','ND',1,-101.418,47.3647,'2013-10-07 19:34:20'),(30,'FGF','Grand Forks','ND',1,-96.8024,47.656,'2013-10-07 19:23:08'),(31,'ABR','Aberdeen','SD',1,-99.1578,45.056,'2013-10-07 19:23:07'),(32,'UNR','Rapid City','SD',1,-102.914,44.3431,'2013-10-07 19:34:22'),(33,'FSD','Sioux Falls','SD',1,-96.95,43.5163,'2013-10-07 19:23:08'),(34,'GRB','Green Bay','WI',1,-88.7622,45.1312,'2013-10-07 19:23:08'),(35,'ARX','La Crosse','WI',1,-91.3508,43.7776,'2013-10-07 19:23:07'),(36,'MKX','Dousman','WI',1,-89.0292,43.176,'2013-10-07 19:23:10'),(37,'CYS','Cheyenne','WY',1,-105.034,42.0422,'2013-10-07 19:34:21'),(38,'RIW','Riverton','WY',1,-108.791,43.1755,'2013-10-07 19:34:21'),(39,'GYX','Portland','ME',2,-70.6709,44.3053,'2013-10-07 19:23:10'),(40,'CAR','Caribou','ME',2,-68.6686,45.8574,'2013-10-07 19:23:10'),(41,'LWX','Baltimore','MD',2,-78.0387,38.864,'2013-10-07 19:23:10'),(42,'BOX','Boston','MA',2,-71.7818,42.2248,'2013-10-07 19:23:10'),(43,'PHI','Mount Holly','NJ',2,-75.3282,40.0395,'2013-10-07 19:23:10'),(44,'ALY','Albany','NY',2,-73.9211,42.814,'2013-10-07 19:23:07'),(45,'BGM','Binghamton','NY',2,-75.9084,42.2452,'2013-10-07 19:23:07'),(46,'BUF','Buffalo','NY',2,-77.5486,42.9995,'2013-10-07 19:23:10'),(47,'OKX','New York','NY',2,-73.3881,41.1775,'2013-10-07 19:23:10'),(48,'MHX','Morehead City','NC',2,-77.0297,35.312,'2013-10-07 19:23:09'),(49,'RAH','Raleigh','NC',2,-78.9605,35.6624,'2013-10-07 19:23:09'),(50,'ILM','Wilmington','NC',2,-79.022,34.1712,'2013-10-07 19:23:10'),(51,'ILN','Wilmington','OH',2,-83.8856,39.542,'2013-10-07 19:23:08'),(52,'CLE','Cleveland','OH',2,-81.9405,41.1867,'2013-10-07 19:23:09'),(53,'CHS','Charleston','SC',2,-80.8958,32.6682,'2013-10-07 19:23:10'),(54,'CAE','Columbia','SC',2,-81.1819,33.848,'2013-10-07 19:23:08'),(55,'GSP','Greer','SC',2,-82.08,35.1557,'2013-10-07 19:23:08'),(56,'CTP','State College','PA',2,-77.674,40.8077,'2013-10-07 19:23:08'),(57,'PBZ','Moon Township','PA',2,-80.2262,40.3642,'2013-10-07 19:23:09'),(58,'BTV','Burlington','VT',2,-73.4551,44.3571,'2013-10-07 19:23:07'),(59,'RNK','Blacksburg','VA',2,-80.2138,37.0999,'2013-10-07 19:23:09'),(60,'AKQ','Wakefield','VA',2,-77.0391,37.2464,'2013-10-07 19:23:10'),(61,'RLX','Charleston','WV',2,-81.4497,38.5741,'2013-10-07 19:23:09'),(62,'BMX','Calera','AL',3,-86.6759,33.0269,'2013-10-07 19:23:07'),(63,'HUN','Huntsville','AL',3,-86.9758,34.6971,'2013-10-07 19:23:08'),(64,'MOB','Mobile','AL',3,-87.6231,31.2618,'2013-10-07 19:23:10'),(65,'LZK','Little Rock','AR',3,-92.5199,34.8603,'2013-10-07 19:23:09'),(66,'JAX','Jacksonville','FL',3,-82.2081,30.4618,'2013-10-07 19:23:10'),(67,'KEY','Key West','FL',3,-81.0906,24.8399,'2013-10-07 19:23:10'),(68,'MLB','Melbourne','FL',3,-81.0596,28.215,'2013-10-07 19:23:10'),(69,'MFL','Miami','FL',3,-80.8497,26.1967,'2013-10-07 19:23:10'),(70,'TAE','Tallahassee','FL',3,-84.5416,30.8341,'2013-10-07 19:43:00'),(71,'TBW','Ruskin','FL',3,-82.069,27.8684,'2013-10-07 19:23:11'),(72,'FFC','Peachtree City','GA',3,-83.9246,33.3266,'2013-10-07 19:23:08'),(73,'LCH','Lake Charles','LA',3,-92.9654,30.4509,'2013-10-07 19:23:10'),(74,'LIX','Slidell','LA',3,-90.369,30.3319,'2013-10-07 19:23:10'),(75,'SHV','Shreveport','LA',3,-93.9262,32.6019,'2013-10-07 19:23:09'),(76,'JAN','Jackson','MS',3,-90.1995,32.5382,'2013-10-07 19:23:08'),(77,'ABQ','Albuquerque','NM',3,-106.354,35.1486,'2013-10-07 19:34:20'),(78,'OUN','Norman','OK',3,-98.1524,35.1409,'2013-10-07 19:23:09'),(79,'TSA','Tulsa','OK',3,-95.2473,35.7542,'2013-10-07 19:23:09'),(80,'SJU','Carolina','PR',3,-66.4065,18.2127,'2013-10-07 19:23:10'),(81,'MRX','Morristown','TN',3,-83.7137,36.0098,'2013-10-07 19:23:09'),(82,'MEG','Memphis','TN',3,-89.5547,35.1454,'2013-10-07 19:23:09'),(83,'OHX','Old Hickory','TN',3,-86.604,35.9416,'2013-10-07 19:54:09'),(84,'AMA','Amarillo','TX',3,-101.516,35.8696,'2013-10-07 19:34:20'),(85,'EWX','New Braunfels','TX',3,-98.9441,29.6502,'2013-10-07 19:23:08'),(86,'BRO','Brownsville','TX',3,-98.2654,26.7022,'2013-10-07 19:23:11'),(87,'CRP','Corpus Christi','TX',3,-98.1449,28.1157,'2013-10-07 19:23:10'),(88,'FWD','Fort Worth','TX',3,-97.0429,32.3347,'2013-10-07 19:23:08'),(89,'EPZ','El Paso','TX',3,-106.713,32.5431,'2013-10-07 19:50:42'),(90,'HGX','Dickinson','TX',3,-95.759,30.035,'2013-10-07 19:23:10'),(91,'LUB','Lubbock','TX',3,-101.529,33.852,'2013-10-07 19:34:21'),(92,'MAF','Midland','TX',3,-103.055,31.4116,'2013-10-07 19:34:21'),(93,'SJT','San Angelo','TX',3,-99.9512,31.6693,'2013-10-07 19:23:09'),(94,'FGZ','Bellemont','AZ',4,-111.045,35.2901,'2013-10-07 19:34:21'),(95,'PSR','Phoenix','AZ',4,-113.655,33.3268,'2013-10-07 19:34:21'),(96,'TWC','Tucson','AZ',4,-110.744,32.3885,'2013-10-07 19:34:22'),(97,'EKA','Eureka','CA',4,-123.512,40.3951,'2013-10-07 19:34:22'),(98,'LOX','Oxnard','CA',4,-119.373,34.7187,'2013-10-07 19:34:21'),(99,'STO','Sacramento','CA',4,-121.033,39.645,'2013-10-07 19:34:22'),(100,'SGX','San Diego','CA',4,-116.355,33.5073,'2013-10-07 19:34:22'),(101,'MTR','Monterey','CA',4,-121.82,37.2529,'2013-10-07 19:34:22'),(102,'HNX','Hanford','CA',4,-119.374,36.4434,'2013-10-07 19:34:21'),(103,'BOI','Boise','ID',4,-116.936,43.4103,'2013-10-07 19:34:20'),(104,'PIH','Pocatello','ID',4,-113.071,43.3876,'2013-10-07 19:34:21'),(105,'BYZ','Billings','MT',4,-107.368,45.791,'2013-10-07 19:34:21'),(106,'GGW','Glasgow','MT',4,-106.236,47.8574,'2013-10-07 19:34:22'),(107,'TFX','Great Falls','MT',4,-111.224,47.182,'2013-10-07 19:34:22'),(108,'MSO','Missoula','MT',4,-114.523,46.793,'2013-10-07 19:34:21'),(109,'LKN','Elko','NV',4,-116.208,40.2485,'2013-10-07 19:34:21'),(110,'VEF','Las Vegas','NV',4,-115.693,36.1945,'2013-10-07 19:34:22'),(111,'REV','Reno','NV',4,-119.044,39.3027,'2013-10-07 19:34:21'),(112,'MFR','Medford','OR',4,-122.019,42.4778,'2013-10-07 19:34:21'),(113,'PDT','Pendleton','OR',4,-119.833,45.4328,'2013-10-07 19:34:21'),(114,'PQR','Portland','OR',4,-122.683,45.1589,'2013-10-07 19:34:22'),(115,'SLC','Salt Lake City','UT',4,-112.34,38.9847,'2013-10-07 19:34:22'),(116,'SEW','Seattle','WA',4,-122.64,48.1131,'2013-10-07 19:34:22'),(117,'OTX','Spokane','WA',4,-118.588,47.5186,'2013-10-07 19:34:21'),(118,'AFC','Anchorage','AK',5,-152.659,60.3496,'2013-10-07 19:34:20'),(119,'AFG','Fairbanks','AK',5,-153.405,66.3326,'2013-10-07 19:34:22'),(120,'AJK','Juneau','AK',5,-135.264,57.8047,'2013-10-07 19:34:20'),(121,'HFO','Honolulu','HI',6,-156.347,20.2492,'2013-10-07 19:43:00'),(122,'GUM','Barrigada','GU',6,145.158,14.5739,'2013-10-07 19:23:10'),(123,'PPG','Pago Pago','AS',6,-170.368,-14.2697,'2013-10-07 19:43:00');
/*!40000 ALTER TABLE `srd_offices_a` ENABLE KEYS */;
UNLOCK TABLES;

--
-- Table structure for table `srd_regions`
--

DROP TABLE IF EXISTS `srd_regions`;
/*!40101 SET @saved_cs_client     = @@character_set_client */;
/*!40101 SET character_set_client = utf8 */;
CREATE TABLE `srd_regions` (
  `srd_region_id` smallint(6) NOT NULL,
  `srd_region` char(16) COLLATE utf8_unicode_ci NOT NULL,
  `updated` timestamp NOT NULL DEFAULT CURRENT_TIMESTAMP ON UPDATE CURRENT_TIMESTAMP,
  KEY `srd_regions_idx` (`srd_region_id`)
) ENGINE=InnoDB DEFAULT CHARSET=utf8 COLLATE=utf8_unicode_ci;
/*!40101 SET character_set_client = @saved_cs_client */;

--
-- Dumping data for table `srd_regions`
--

LOCK TABLES `srd_regions` WRITE;
/*!40000 ALTER TABLE `srd_regions` DISABLE KEYS */;
INSERT INTO `srd_regions` VALUES (1,'Central','2013-09-23 17:44:48'),(2,'Eastern','2013-09-23 17:44:48'),(3,'Southern','2013-09-23 17:44:48'),(4,'Western','2013-09-23 17:44:48'),(5,'Alaska','2013-09-23 17:44:48'),(6,'Pacific','2013-09-23 17:44:48');
/*!40000 ALTER TABLE `srd_regions` ENABLE KEYS */;
UNLOCK TABLES;
/*!40103 SET TIME_ZONE=@OLD_TIME_ZONE */;

/*!40101 SET SQL_MODE=@OLD_SQL_MODE */;
/*!40014 SET FOREIGN_KEY_CHECKS=@OLD_FOREIGN_KEY_CHECKS */;
/*!40014 SET UNIQUE_CHECKS=@OLD_UNIQUE_CHECKS */;
/*!40101 SET CHARACTER_SET_CLIENT=@OLD_CHARACTER_SET_CLIENT */;
/*!40101 SET CHARACTER_SET_RESULTS=@OLD_CHARACTER_SET_RESULTS */;
/*!40101 SET COLLATION_CONNECTION=@OLD_COLLATION_CONNECTION */;
/*!40111 SET SQL_NOTES=@OLD_SQL_NOTES */;

-- Dump completed on 2013-11-07 10:28:15
